feedback_id,corpus_id,split
1,fb-008397,validation
2,fb-012503,train
3,fb-003254,train
4,fb-001647,train
5,fb-018038,train
6,fb-016218,validation
7,fb-013461,test
8,fb-011697,validation
9,fb-011761,train
10,fb-010606,train
11,fb-017228,validation
12,fb-008820,train
13,fb-004797,train
14,fb-012930,train
15,fb-012044,train
16,fb-009132,test
17,fb-009817,train
18,fb-017494,train
19,fb-011168,train
20,fb-013959,train
21,fb-017131,train
22,fb-002229,train
23,fb-008219,validation
24,fb-001910,train
25,fb-001958,train
26,fb-003302,train
27,fb-003265,train
28,fb-000499,train
29,fb-001717,validation
30,fb-005541,test
31,fb-011803,validation
32,fb-011741,train
33,fb-008106,train
34,fb-004243,train
35,fb-012246,train
36,fb-002163,train
37,fb-011354,train
38,fb-012101,train
39,fb-003989,train
40,fb-010999,test
41,fb-010697,validation
42,fb-010905,train
43,fb-004540,validation
44,fb-013125,train
45,fb-017671,train
46,fb-010926,train
47,fb-011043,test
48,fb-007467,train
49,fb-010112,train
50,fb-010558,train
51,fb-002541,test
52,fb-008424,train
53,fb-012669,train
54,fb-018203,train
55,fb-015343,train
56,fb-009170,train
57,fb-011297,test
58,fb-000456,validation
59,fb-013555,train
60,fb-001289,validation
61,fb-008414,train
62,fb-009067,train
63,fb-010616,train
64,fb-005726,train
65,fb-012118,train
66,fb-012769,train
67,fb-012035,train
68,fb-000571,train
69,fb-013636,train
70,fb-009690,train
71,fb-008759,train
72,fb-008141,train
73,fb-003793,validation
74,fb-011567,train
75,fb-005519,validation
76,fb-002999,validation
77,fb-011026,train
78,fb-001149,train
79,fb-009794,train
80,fb-017614,validation
81,fb-010688,test
82,fb-000967,train
83,fb-008456,train
84,fb-008181,train
85,fb-002918,train
86,fb-009384,train
87,fb-012001,test
88,fb-016145,train
89,fb-010055,train
90,fb-008089,train
91,fb-008770,test
92,fb-005049,train
93,fb-018078,train
94,fb-019721,train
95,fb-011770,train
96,fb-011133,train
97,fb-017346,train
98,fb-006080,train
99,fb-002621,train
100,fb-012496,train
101,fb-011400,train
102,fb-009743,validation
103,fb-011833,train
104,fb-009617,validation
105,fb-015003,train
106,fb-003389,train
107,fb-006791,train
108,fb-014543,train
109,fb-009654,validation
110,fb-000255,validation
111,fb-010800,train
112,fb-006748,train
113,fb-013450,validation
114,fb-010072,test
115,fb-001137,train
116,fb-006007,test
117,fb-017268,train
118,fb-008500,train
119,fb-017681,test
120,fb-013473,train
121,fb-017662,train
122,fb-009058,train
123,fb-010410,validation
124,fb-000878,validation
125,fb-018384,train
126,fb-009578,train
127,fb-002406,validation
128,fb-010853,train
129,fb-013341,train
130,fb-014293,train
131,fb-008758,validation
132,fb-010887,test
133,fb-016055,train
134,fb-017002,train
135,fb-018278,train
136,fb-001861,train
137,fb-002711,train
138,fb-008642,train
139,fb-009319,train
140,fb-007265,train
141,fb-003063,test
142,fb-016368,validation
143,fb-006788,train
144,fb-010776,train
145,fb-013387,train
146,fb-002296,train
147,fb-010526,test
148,fb-008383,train
149,fb-017485,train
150,fb-006556,train
151,fb-003053,test
152,fb-008628,train
153,fb-009936,validation
154,fb-017095,train
155,fb-002272,train
156,fb-003840,train
157,fb-012138,train
158,fb-007456,test
159,fb-010291,train
160,fb-007608,train
161,fb-000399,train
162,fb-001546,train
163,fb-010190,train
164,fb-013585,train
165,fb-015459,train
166,fb-000795,validation
167,fb-009198,train
168,fb-017579,train
169,fb-001632,validation
170,fb-008330,validation
171,fb-007941,train
172,fb-012269,train
173,fb-004198,validation
174,fb-010025,train
175,fb-011266,train
176,fb-001127,test
177,fb-009881,train
178,fb-017423,train
179,fb-011513,train
180,fb-005236,test
181,fb-012689,train
182,fb-008751,train
183,fb-014615,validation
184,fb-003595,test
185,fb-002534,train
186,fb-011074,train
187,fb-012060,train
188,fb-018081,test
189,fb-014563,train
190,fb-015518,train
191,fb-008732,train
192,fb-016879,train
193,fb-010535,test
194,fb-019274,train
195,fb-008314,validation
196,fb-015901,train
197,fb-016876,validation
198,fb-009113,validation
199,fb-011595,train
200,fb-001904,train
201,fb-008419,train
202,fb-005982,train
203,fb-008123,train
204,fb-012632,validation
205,fb-001470,train
206,fb-005373,train
207,fb-002939,validation
208,fb-009957,train
209,fb-013174,validation
210,fb-000119,train
211,fb-008522,validation
212,fb-009934,train
213,fb-000488,train
214,fb-010673,test
215,fb-007483,train
216,fb-008961,validation
217,fb-016279,train
218,fb-018318,train
219,fb-006979,train
220,fb-007814,train
221,fb-018306,train
222,fb-011142,train
223,fb-012936,test
224,fb-014872,validation
225,fb-012230,train
226,fb-002788,train
227,fb-000642,train
228,fb-012823,train
229,fb-013264,train
230,fb-008934,test
231,fb-009960,validation
232,fb-008748,train
233,fb-013754,test
234,fb-013145,train
235,fb-013391,train
236,fb-017290,train
237,fb-007828,train
238,fb-002905,train
239,fb-002969,validation
240,fb-001804,train
241,fb-009573,train
242,fb-008460,train
243,fb-012131,train
244,fb-008043,validation
245,fb-018108,test
246,fb-012302,train
247,fb-019837,test
248,fb-009689,validation
249,fb-019698,validation
250,fb-012352,train
251,fb-017231,train
252,fb-000130,train
253,fb-013245,train
254,fb-003706,train
255,fb-012720,train
256,fb-017651,train
257,fb-010498,validation
258,fb-003291,train
259,fb-007882,train
260,fb-008619,test
261,fb-017749,test
262,fb-001337,train
263,fb-009700,train
264,fb-010820,train
265,fb-006953,train
266,fb-016595,test
267,fb-003449,train
268,fb-009472,train
269,fb-013041,train
270,fb-009529,test
271,fb-019677,validation
272,fb-012859,train
273,fb-007898,validation
274,fb-003874,train
275,fb-004157,train
276,fb-009917,train
277,fb-018349,train
278,fb-015800,train
279,fb-013800,train
280,fb-005974,train
281,fb-000074,train
282,fb-008218,train
283,fb-006430,validation
284,fb-018102,train
285,fb-013186,train
286,fb-006784,test
287,fb-001869,train
288,fb-018307,test
289,fb-010253,train
290,fb-009924,train
291,fb-011173,validation
292,fb-008960,validation
293,fb-008871,train
294,fb-019611,train
295,fb-015915,train
296,fb-011676,train
297,fb-001790,test
298,fb-012266,train
299,fb-003431,train
300,fb-010267,train
301,fb-004980,validation
302,fb-012292,test
303,fb-013490,validation
304,fb-011780,train
305,fb-006888,train
306,fb-015261,validation
307,fb-002952,train
308,fb-013130,train
309,fb-018175,validation
310,fb-005991,train
311,fb-007061,test
312,fb-010359,validation
313,fb-015192,train
314,fb-010130,train
315,fb-011282,train
316,fb-008293,train
317,fb-008848,train
318,fb-000707,test
319,fb-001442,test
320,fb-011956,test
321,fb-003487,train
322,fb-001830,train
323,fb-000485,test
324,fb-002097,train
325,fb-001949,validation
326,fb-000787,train
327,fb-002954,train
328,fb-013655,train
329,fb-011115,test
330,fb-010093,train
331,fb-007470,train
332,fb-003767,train
333,fb-011280,train
334,fb-015174,train
335,fb-011777,train
336,fb-000294,train
337,fb-011859,train
338,fb-017474,test
339,fb-015974,train
340,fb-014072,train
341,fb-003027,validation
342,fb-012593,train
343,fb-017612,train
344,fb-018089,test
345,fb-003020,train
346,fb-008067,validation
347,fb-012734,train
348,fb-000979,train
349,fb-008709,train
350,fb-016050,validation
351,fb-002032,train
352,fb-001475,train
353,fb-015721,train
354,fb-002064,validation
355,fb-017661,train
356,fb-010578,train
357,fb-002724,train
358,fb-007673,train
359,fb-019353,test
360,fb-008577,train
361,fb-005672,test
362,fb-000491,validation
363,fb-006712,train
364,fb-003051,train
365,fb-002162,train
366,fb-007961,validation
367,fb-018235,train
368,fb-015912,train
369,fb-004184,train
370,fb-002482,train
371,fb-013950,validation
372,fb-001610,train
373,fb-009905,train
374,fb-007658,train
375,fb-009915,train
376,fb-008617,train
377,fb-000633,train
378,fb-003670,validation
379,fb-011540,train
380,fb-008046,train
381,fb-011046,test
382,fb-013833,test
383,fb-009672,validation
384,fb-002611,train
385,fb-002480,validation
386,fb-009314,train
387,fb-013573,train
388,fb-015085,train
389,fb-010812,validation
390,fb-002377,validation
391,fb-009283,validation
392,fb-016955,train
393,fb-011582,train
394,fb-010289,train
395,fb-009148,train
396,fb-008498,train
397,fb-002090,test
398,fb-019471,validation
399,fb-016987,validation
400,fb-014616,train
401,fb-002706,validation
402,fb-007529,train
403,fb-003162,train
404,fb-005351,train
405,fb-002155,train
406,fb-008735,test
407,fb-018072,test
408,fb-017772,validation
409,fb-007295,train
410,fb-009150,test
411,fb-013017,train
412,fb-009891,test
413,fb-004056,test
414,fb-015808,test
415,fb-011293,train
416,fb-018758,train
417,fb-009716,train
418,fb-009788,train
419,fb-013724,train
420,fb-001453,validation
421,fb-013244,train
422,fb-002330,test
423,fb-011207,train
424,fb-015919,train
425,fb-002446,train
426,fb-005109,train
427,fb-013069,train
428,fb-019132,test
429,fb-003132,train
430,fb-010803,train
431,fb-010076,validation
432,fb-013030,validation
433,fb-003898,train
434,fb-001413,validation
435,fb-017996,train
436,fb-011875,train
437,fb-010790,train
438,fb-018154,validation
439,fb-004959,train
440,fb-000150,train
441,fb-000974,train
442,fb-010556,train
443,fb-002481,validation
444,fb-003241,train
445,fb-012172,test
446,fb-010522,train
447,fb-018148,validation
448,fb-002664,train
449,fb-014808,test
450,fb-011699,train
451,fb-019446,train
452,fb-012927,validation
453,fb-009323,test
454,fb-017334,train
455,fb-000185,train
456,fb-016164,validation
457,fb-008185,train
458,fb-001722,train
459,fb-011965,train
460,fb-010631,train
461,fb-014104,train
462,fb-002592,train
463,fb-009909,train
464,fb-018004,train
465,fb-019403,train
466,fb-003184,train
467,fb-017208,train
468,fb-009539,train
469,fb-001932,train
470,fb-008129,train
471,fb-013920,train
472,fb-009608,validation
473,fb-008775,train
474,fb-006949,validation
475,fb-002622,train
476,fb-011261,test
477,fb-002929,test
478,fb-013339,train
479,fb-000262,train
480,fb-018142,validation
481,fb-000087,train
482,fb-008804,train
483,fb-003987,train
484,fb-010825,train
485,fb-017830,train
486,fb-008920,train
487,fb-005510,test
488,fb-017915,validation
489,fb-012279,train
490,fb-001706,train
491,fb-013701,test
492,fb-004039,train
493,fb-009227,train
494,fb-012123,train
495,fb-014394,train
496,fb-014822,train
497,fb-010946,test
498,fb-011588,train
499,fb-011486,train
500,fb-013659,train
501,fb-003918,train
502,fb-001444,train
503,fb-017224,test
504,fb-016163,train
505,fb-016790,train
506,fb-008663,train
507,fb-017666,train
508,fb-010472,train
509,fb-018036,validation
510,fb-013165,train
511,fb-003058,train
512,fb-010308,train
513,fb-004277,test
514,fb-012948,train
515,fb-006927,train
516,fb-007626,train
517,fb-011724,train
518,fb-013351,train
519,fb-008378,train
520,fb-003332,train
521,fb-005455,train
522,fb-017658,validation
523,fb-010002,test
524,fb-001058,train
525,fb-003592,train
526,fb-003416,train
527,fb-011920,train
528,fb-000990,test
529,fb-012371,train
530,fb-015151,validation
531,fb-017091,validation
532,fb-002459,train
533,fb-009838,train
534,fb-010041,train
535,fb-003520,train
536,fb-008553,validation
537,fb-014270,train
538,fb-010432,validation
539,fb-011080,train
540,fb-009688,train
541,fb-000977,train
542,fb-008535,train
543,fb-011500,validation
544,fb-000199,train
545,fb-012050,test
546,fb-002355,train
547,fb-011135,train
548,fb-016701,train
549,fb-015160,train
550,fb-000690,train
551,fb-011014,train
552,fb-013931,train
553,fb-018592,train
554,fb-001072,validation
555,fb-002448,train
556,fb-017457,train
557,fb-018737,train
558,fb-011629,validation
559,fb-012546,train
560,fb-002556,train
561,fb-017983,train
562,fb-001977,train
563,fb-017442,train
564,fb-004181,test
565,fb-000700,train
566,fb-013641,test
567,fb-012946,validation
568,fb-012340,train
569,fb-011938,test
570,fb-011244,train
571,fb-008693,train
572,fb-011695,train
573,fb-008485,train
574,fb-017424,train
575,fb-002187,test
576,fb-017150,train
577,fb-010696,train
578,fb-013610,validation
579,fb-007823,test
580,fb-008268,train
581,fb-001734,test
582,fb-015499,train
583,fb-004061,train
584,fb-002631,train
585,fb-019193,test
586,fb-011937,train
587,fb-012829,train
588,fb-005897,train
589,fb-014621,train
590,fb-017219,validation
591,fb-003295,train
592,fb-001320,test
593,fb-009037,train
594,fb-004222,train
595,fb-019599,train
596,fb-012883,train
597,fb-018986,train
598,fb-001507,train
599,fb-010875,validation
600,fb-000953,train
601,fb-012645,train
602,fb-005907,train
603,fb-001141,train
604,fb-016510,train
605,fb-008963,train
606,fb-004117,test
607,fb-011623,train
608,fb-019492,validation
609,fb-011984,train
610,fb-010486,train
611,fb-016990,train
612,fb-011340,train
613,fb-008433,test
614,fb-002402,train
615,fb-010971,train
616,fb-012068,train
617,fb-004575,train
618,fb-003306,validation
619,fb-009351,validation
620,fb-009200,train
621,fb-012402,test
622,fb-010990,train
623,fb-009636,train
624,fb-011904,train
625,fb-002373,train
626,fb-011072,train
627,fb-018226,train
628,fb-014392,train
629,fb-011711,train
630,fb-011156,train
631,fb-011718,train
632,fb-004042,train
633,fb-014597,train
634,fb-009950,train
635,fb-004102,train
636,fb-003215,train
637,fb-017740,train
638,fb-013310,train
639,fb-011783,train
640,fb-012411,train
641,fb-013075,train
642,fb-008418,train
643,fb-018701,test
644,fb-011285,train
645,fb-012372,train
646,fb-009368,train
647,fb-002715,test
648,fb-004940,test
649,fb-012542,train
650,fb-012122,test
651,fb-003655,validation
652,fb-016757,train
653,fb-003327,train
654,fb-000164,train
655,fb-003125,train
656,fb-013046,train
657,fb-011686,train
658,fb-002865,test
659,fb-012065,train
660,fb-010436,train
661,fb-018679,train
662,fb-001542,train
663,fb-008529,test
664,fb-002012,train
665,fb-003881,train
666,fb-001860,train
667,fb-001906,validation
668,fb-003810,validation
669,fb-012943,test
670,fb-006187,train
671,fb-018507,train
672,fb-009585,validation
673,fb-008734,train
674,fb-002579,test
675,fb-012086,train
676,fb-008893,validation
677,fb-003972,train
678,fb-001550,train
679,fb-009018,train
680,fb-003317,validation
681,fb-008407,validation
682,fb-002383,train
683,fb-010040,validation
684,fb-017716,train
685,fb-002432,validation
686,fb-013455,train
687,fb-019251,train
688,fb-015787,validation
689,fb-012963,test
690,fb-001806,train
691,fb-006243,test
692,fb-001793,train
693,fb-011308,train
694,fb-015588,train
695,fb-016575,train
696,fb-009177,train
697,fb-004137,train
698,fb-001555,train
699,fb-015818,validation
700,fb-001123,train
701,fb-003360,train
702,fb-011827,test
703,fb-016928,train
704,fb-011749,train
705,fb-003908,test
706,fb-003586,train
707,fb-013054,train
708,fb-018625,test
709,fb-012085,validation
710,fb-013388,train
711,fb-012143,train
712,fb-000209,test
713,fb-001636,train
714,fb-008725,train
715,fb-005269,train
716,fb-003509,validation
717,fb-002781,train
718,fb-012526,train
719,fb-001656,train
720,fb-017202,test
721,fb-012054,train
722,fb-002035,train
723,fb-016319,train
724,fb-010737,train
725,fb-016857,train
726,fb-018280,validation
727,fb-008447,test
728,fb-001496,train
729,fb-013236,train
730,fb-013206,train
731,fb-011730,validation
732,fb-012647,test
733,fb-016844,train
734,fb-017325,train
735,fb-013556,train
736,fb-001996,test
737,fb-014980,train
738,fb-012684,train
739,fb-008159,test
740,fb-002028,train
741,fb-012022,validation
742,fb-002945,train
743,fb-010198,train
744,fb-010586,train
745,fb-018974,train
746,fb-000945,validation
747,fb-010914,validation
748,fb-003220,train
749,fb-011067,train
750,fb-012041,train
751,fb-012778,train
752,fb-017011,test
753,fb-012058,train
754,fb-017945,train
755,fb-011934,train
756,fb-002557,train
757,fb-017182,train
758,fb-017483,train
759,fb-007056,train
760,fb-002545,train
761,fb-013571,test
762,fb-003946,train
763,fb-008555,train
764,fb-003443,train
765,fb-011103,test
766,fb-010818,train
767,fb-002919,train
768,fb-015904,validation
769,fb-002305,train
770,fb-006044,train
771,fb-008227,train
772,fb-003991,train
773,fb-000985,train
774,fb-003497,train
775,fb-012108,train
776,fb-011341,test
777,fb-009541,train
778,fb-003133,train
779,fb-003305,train
780,fb-005604,test
781,fb-010045,train
782,fb-008292,train
783,fb-011291,train
784,fb-010897,train
785,fb-008588,test
786,fb-019229,validation
787,fb-009099,train
788,fb-017183,train
789,fb-015043,train
790,fb-015944,train
791,fb-011356,train
792,fb-003904,train
793,fb-009727,validation
794,fb-012217,test
795,fb-013783,train
796,fb-016756,train
797,fb-018146,train
798,fb-018553,train
799,fb-004100,train
800,fb-017000,test
801,fb-015324,train
802,fb-015276,train
803,fb-001219,validation
804,fb-001712,train
805,fb-004868,validation
806,fb-017735,train
807,fb-003395,test
808,fb-014162,train
809,fb-008800,train
810,fb-008511,test
811,fb-012341,train
812,fb-003537,train
813,fb-008895,train
814,fb-011264,train
815,fb-016058,train
816,fb-003437,train
817,fb-012268,train
818,fb-008476,validation
819,fb-003779,validation
820,fb-009538,train
821,fb-008691,train
822,fb-011522,train
823,fb-011546,validation
824,fb-009835,validation
825,fb-002813,test
826,fb-017532,train
827,fb-000948,train
828,fb-012242,train
829,fb-001840,test
830,fb-012412,train
831,fb-000240,train
832,fb-011134,test
833,fb-013005,test
834,fb-013596,train
835,fb-000552,train
836,fb-002763,train
837,fb-012317,train
838,fb-018130,train
839,fb-015493,train
840,fb-003554,train
841,fb-002823,train
842,fb-014239,validation
843,fb-012031,test
844,fb-005345,train
845,fb-010531,validation
846,fb-011869,train
847,fb-012822,train
848,fb-017444,train
849,fb-010964,train
850,fb-005417,train
851,fb-005381,train
852,fb-011993,train
853,fb-018022,train
854,fb-011049,train
855,fb-010161,test
856,fb-011027,train
857,fb-004185,train
858,fb-002434,train
859,fb-000511,train
860,fb-001246,test
861,fb-003068,validation
862,fb-012142,train
863,fb-000179,train
864,fb-006498,train
865,fb-008403,validation
866,fb-007451,train
867,fb-013416,test
868,fb-000519,train
869,fb-006063,train
870,fb-003128,validation
871,fb-014252,train
872,fb-008880,train
873,fb-011521,train
874,fb-015774,test
875,fb-017267,train
876,fb-002218,train
877,fb-011698,train
878,fb-014295,train
879,fb-017898,train
880,fb-009053,train
881,fb-018279,validation
882,fb-008925,train
883,fb-014195,test
884,fb-001075,train
885,fb-012537,train
886,fb-003032,train
887,fb-000751,validation
888,fb-015215,train
889,fb-019235,test
890,fb-008074,train
891,fb-017660,train
892,fb-004875,validation
893,fb-016001,train
894,fb-010755,test
895,fb-009507,train
896,fb-011751,train
897,fb-007897,train
898,fb-010572,train
899,fb-008312,train
900,fb-007357,train
901,fb-008254,validation
902,fb-003955,test
903,fb-011069,test
904,fb-004487,train
905,fb-010765,train
906,fb-008749,train
907,fb-003916,test
908,fb-012314,test
909,fb-002759,train
910,fb-016003,train
911,fb-003633,train
912,fb-002856,validation
913,fb-012699,train
914,fb-015693,test
915,fb-009911,train
916,fb-008688,train
917,fb-008795,validation
918,fb-017043,train
919,fb-013970,train
920,fb-017089,validation
921,fb-017008,train
922,fb-014558,train
923,fb-001694,train
924,fb-002961,train
925,fb-011564,validation
926,fb-012257,train
927,fb-009452,train
928,fb-000783,train
929,fb-017067,train
930,fb-008552,train
931,fb-010778,train
932,fb-019148,train
933,fb-015938,test
934,fb-013478,validation
935,fb-003080,train
936,fb-006666,train
937,fb-002719,train
938,fb-002548,train
939,fb-000812,test
940,fb-006394,test
941,fb-011774,train
942,fb-010018,validation
943,fb-011137,train
944,fb-012672,train
945,fb-011851,test
946,fb-003570,train
947,fb-008952,train
948,fb-016201,validation
949,fb-016655,test
950,fb-007581,train
951,fb-002814,train
952,fb-002311,test
953,fb-017310,train
954,fb-011527,train
955,fb-008170,train
956,fb-008566,test
957,fb-011765,test
958,fb-009367,train
959,fb-000788,test
960,fb-011396,test
961,fb-000926,test
962,fb-009555,test
963,fb-010784,validation
964,fb-010745,validation
965,fb-005018,train
966,fb-002753,test
967,fb-006492,train
968,fb-017435,train
969,fb-010413,train
970,fb-013082,test
971,fb-002791,train
972,fb-008174,train
973,fb-009758,train
974,fb-018198,train
975,fb-013163,train
976,fb-002618,train
977,fb-015081,train
978,fb-008230,validation
979,fb-010639,train
980,fb-018070,validation
981,fb-017605,train
982,fb-001902,train
983,fb-012800,train
984,fb-019415,validation
985,fb-002006,train
986,fb-019880,train
987,fb-001473,train
988,fb-007544,train
989,fb-002197,train
990,fb-012543,train
991,fb-008255,train
992,fb-000774,validation
993,fb-011720,train
994,fb-001909,train
995,fb-010862,train
996,fb-012706,train
997,fb-009913,validation
998,fb-017778,validation
999,fb-009369,train
1000,fb-019347,train
1001,fb-002801,train
1002,fb-010589,test
1003,fb-009493,train
1004,fb-011038,test
1005,fb-013164,train
1006,fb-003201,train
1007,fb-018277,train
1008,fb-003036,validation
1009,fb-003977,validation
1010,fb-017648,validation
1011,fb-010384,validation
1012,fb-002931,train
1013,fb-009344,test
1014,fb-012379,validation
1015,fb-002826,train
1016,fb-002774,test
1017,fb-001698,train
1018,fb-019047,train
1019,fb-009465,train
1020,fb-010409,train
1021,fb-006537,test
1022,fb-015645,train
1023,fb-015747,train
1024,fb-015739,train
1025,fb-010418,train
1026,fb-019259,train
1027,fb-003033,train
1028,fb-011125,validation
1029,fb-016970,train
1030,fb-003980,test
1031,fb-009096,train
1032,fb-006959,train
1033,fb-016833,train
1034,fb-002794,train
1035,fb-008572,train
1036,fb-001888,validation
1037,fb-001524,train
1038,fb-009904,train
1039,fb-003882,train
1040,fb-012400,train
1041,fb-015013,train
1042,fb-010371,train
1043,fb-002583,train
1044,fb-008207,validation
1045,fb-013660,train
1046,fb-013016,validation
1047,fb-018286,train
1048,fb-013398,train
1049,fb-003571,train
1050,fb-003673,train
1051,fb-018237,train
1052,fb-003460,train
1053,fb-006998,validation
1054,fb-010060,train
1055,fb-006943,train
1056,fb-009458,train
1057,fb-016138,train
1058,fb-013909,test
1059,fb-013771,test
1060,fb-000104,train
1061,fb-008465,validation
1062,fb-018025,train
1063,fb-001924,test
1064,fb-014967,train
1065,fb-011975,train
1066,fb-002871,train
1067,fb-009880,train
1068,fb-001693,test
1069,fb-000258,validation
1070,fb-016566,train
1071,fb-009399,train
1072,fb-010849,train
1073,fb-017323,train
1074,fb-017409,test
1075,fb-009287,train
1076,fb-008203,train
1077,fb-009279,train
1078,fb-001933,train
1079,fb-019144,train
1080,fb-014643,validation
1081,fb-002458,test
1082,fb-007959,test
1083,fb-012527,train
1084,fb-012723,train
1085,fb-004493,test
1086,fb-008270,train
1087,fb-012362,validation
1088,fb-003326,validation
1089,fb-019208,train
1090,fb-015507,train
1091,fb-009604,train
1092,fb-008252,train
1093,fb-011926,train
1094,fb-018928,train
1095,fb-007304,train
1096,fb-017701,train
1097,fb-013248,train
1098,fb-003121,train
1099,fb-017189,test
1100,fb-005308,train
1101,fb-013348,validation
1102,fb-002505,train
1103,fb-002751,train
1104,fb-008061,train
1105,fb-016956,train
1106,fb-017873,train
1107,fb-010885,train
1108,fb-000120,test
1109,fb-015455,train
1110,fb-002169,train
1111,fb-011958,validation
1112,fb-019258,train
1113,fb-000917,train
1114,fb-009461,validation
1115,fb-000043,train
1116,fb-000554,train
1117,fb-010813,train
1118,fb-016530,validation
1119,fb-014708,test
1120,fb-010357,validation
1121,fb-000956,train
1122,fb-012024,train
1123,fb-019509,validation
1124,fb-000775,train
1125,fb-001774,validation
1126,fb-013622,train
1127,fb-006042,validation
1128,fb-019390,validation
1129,fb-009149,validation
1130,fb-008114,train
1131,fb-001680,train
1132,fb-012428,train
1133,fb-009460,train
1134,fb-013396,train
1135,fb-008491,train
1136,fb-017161,validation
1137,fb-017180,train
1138,fb-017338,test
1139,fb-002632,validation
1140,fb-018460,train
1141,fb-016390,validation
1142,fb-016822,train
1143,fb-011118,train
1144,fb-003156,test
1145,fb-016374,train
1146,fb-006389,train
1147,fb-003002,train
1148,fb-007015,test
1149,fb-005092,train
1150,fb-003026,train
1151,fb-004922,validation
1152,fb-017111,test
1153,fb-006154,validation
1154,fb-006841,train
1155,fb-004962,train
1156,fb-000721,train
1157,fb-007972,validation
1158,fb-010847,train
1159,fb-017885,train
1160,fb-017186,train
1161,fb-010483,test
1162,fb-012766,validation
1163,fb-001772,test
1164,fb-015710,train
1165,fb-010976,test
1166,fb-006789,train
1167,fb-015780,train
1168,fb-009190,train
1169,fb-001179,train
1170,fb-009330,train
1171,fb-010029,train
1172,fb-008680,validation
1173,fb-016624,train
1174,fb-008196,test
1175,fb-015374,train
1176,fb-013682,test
1177,fb-000162,train
1178,fb-002502,train
1179,fb-011866,train
1180,fb-012270,train
1181,fb-012053,train
1182,fb-010744,train
1183,fb-001901,train
1184,fb-010403,train
1185,fb-019774,train
1186,fb-000961,train
1187,fb-000688,test
1188,fb-016333,train
1189,fb-012975,test
1190,fb-011681,validation
1191,fb-000609,train
1192,fb-004271,train
1193,fb-002604,test
1194,fb-017241,validation
1195,fb-008223,train
1196,fb-012376,validation
1197,fb-002942,train
1198,fb-000802,train
1199,fb-009678,test
1200,fb-014275,train
1201,fb-003983,test
1202,fb-018101,train
1203,fb-012039,test
1204,fb-012673,train
1205,fb-018713,train
1206,fb-010100,train
1207,fb-001824,validation
1208,fb-008923,train
1209,fb-001202,train
1210,fb-010944,test
1211,fb-004892,validation
1212,fb-011650,validation
1213,fb-003485,train
1214,fb-004911,train
1215,fb-007259,validation
1216,fb-019823,test
1217,fb-017591,train
1218,fb-008571,validation
1219,fb-012494,validation
1220,fb-005506,train
1221,fb-006483,train
1222,fb-016916,train
1223,fb-002809,train
1224,fb-002951,train
1225,fb-017357,train
1226,fb-001265,train
1227,fb-012579,train
1228,fb-002537,train
1229,fb-019490,test
1230,fb-008051,train
1231,fb-008983,train
1232,fb-011414,test
1233,fb-011430,train
1234,fb-003697,train
1235,fb-010292,train
1236,fb-005034,validation
1237,fb-017412,train
1238,fb-008288,train
1239,fb-008278,train
1240,fb-009718,validation
1241,fb-002612,train
1242,fb-011428,train
1243,fb-010414,validation
1244,fb-011999,test
1245,fb-010577,train
1246,fb-012187,train
1247,fb-017027,train
1248,fb-017958,test
1249,fb-015766,validation
1250,fb-013667,train
1251,fb-008873,train
1252,fb-011303,train
1253,fb-000517,train
1254,fb-011641,train
1255,fb-011786,train
1256,fb-008694,train
1257,fb-007341,train
1258,fb-017848,train
1259,fb-007147,test
1260,fb-000930,train
1261,fb-009390,train
1262,fb-017567,train
1263,fb-016623,train
1264,fb-019268,train
1265,fb-009942,train
1266,fb-009682,train
1267,fb-010195,test
1268,fb-004642,validation
1269,fb-011565,train
1270,fb-005213,train
1271,fb-017587,train
1272,fb-016959,test
1273,fb-000373,train
1274,fb-005870,validation
1275,fb-000641,test
1276,fb-002908,test
1277,fb-001823,test
1278,fb-010321,train
1279,fb-005141,validation
1280,fb-011120,train
1281,fb-006141,train
1282,fb-010186,train
1283,fb-000684,train
1284,fb-011734,train
1285,fb-008337,train
1286,fb-005101,validation
1287,fb-012738,train
1288,fb-017663,train
1289,fb-007033,train
1290,fb-008341,validation
1291,fb-009625,validation
1292,fb-006118,train
1293,fb-009795,train
1294,fb-015520,train
1295,fb-009017,train
1296,fb-001724,train
1297,fb-010633,train
1298,fb-018798,train
1299,fb-012834,test
1300,fb-008327,train
1301,fb-014541,train
1302,fb-008021,train
1303,fb-015187,validation
1304,fb-002057,train
1305,fb-015969,validation
1306,fb-013505,train
1307,fb-015843,train
1308,fb-012462,validation
1309,fb-012879,train
1310,fb-013073,train
1311,fb-001008,test
1312,fb-010468,train
1313,fb-019113,train
1314,fb-003572,train
1315,fb-013349,train
1316,fb-003151,validation
1317,fb-018002,validation
1318,fb-008576,train
1319,fb-010175,validation
1320,fb-008902,train
1321,fb-017309,validation
1322,fb-000630,train
1323,fb-008186,train
1324,fb-010071,validation
1325,fb-010402,validation
1326,fb-010968,train
1327,fb-017169,train
1328,fb-012046,train
1329,fb-001302,train
1330,fb-002399,train
1331,fb-017866,validation
1332,fb-010953,train
1333,fb-011882,train
1334,fb-002237,validation
1335,fb-006521,train
1336,fb-011594,train
1337,fb-013010,test
1338,fb-018050,train
1339,fb-012048,train
1340,fb-013083,train
1341,fb-017505,train
1342,fb-003230,train
1343,fb-003403,train
1344,fb-000221,train
1345,fb-016938,validation
1346,fb-004290,test
1347,fb-004041,train
1348,fb-019584,train
1349,fb-007821,train
1350,fb-018776,validation
1351,fb-010502,test
1352,fb-010935,train
1353,fb-016927,train
1354,fb-017520,test
1355,fb-003384,train
1356,fb-009271,train
1357,fb-008592,train
1358,fb-002410,train
1359,fb-016231,train
1360,fb-012204,validation
1361,fb-000604,train
1362,fb-003372,train
1363,fb-012732,train
1364,fb-017028,train
1365,fb-010991,train
1366,fb-017941,train
1367,fb-001953,test
1368,fb-003025,test
1369,fb-012846,validation
1370,fb-010329,train
1371,fb-014078,validation
1372,fb-004452,train
1373,fb-004393,train
1374,fb-011212,train
1375,fb-003070,train
1376,fb-001490,validation
1377,fb-002640,train
1378,fb-010896,train
1379,fb-019796,test
1380,fb-015246,train
1381,fb-019671,train
1382,fb-009862,validation
1383,fb-003657,train
1384,fb-009011,train
1385,fb-002227,train
1386,fb-004245,train
1387,fb-010608,train
1388,fb-006878,train
1389,fb-019668,test
1390,fb-000691,validation
1391,fb-006473,train
1392,fb-011270,test
1393,fb-009087,test
1394,fb-003822,train
1395,fb-001897,train
1396,fb-009143,test
1397,fb-003522,train
1398,fb-017405,train
1399,fb-018012,test
1400,fb-003255,test
1401,fb-008294,test
1402,fb-011548,train
1403,fb-011566,validation
1404,fb-005575,train
1405,fb-002915,train
1406,fb-008558,train
1407,fb-017365,train
1408,fb-001954,train
1409,fb-005753,test
1410,fb-016988,train
1411,fb-010627,train
1412,fb-008071,test
1413,fb-017572,train
1414,fb-002462,test
1415,fb-017640,train
1416,fb-010587,train
1417,fb-008513,train
1418,fb-004494,train
1419,fb-011491,train
1420,fb-004910,train
1421,fb-009781,train
1422,fb-002551,train
1423,fb-007003,train
1424,fb-003974,train
1425,fb-000853,train
1426,fb-015278,test
1427,fb-015788,train
1428,fb-008528,validation
1429,fb-009679,train
1430,fb-012702,train
1431,fb-004675,train
1432,fb-018664,validation
1433,fb-008704,train
1434,fb-016642,train
1435,fb-015730,test
1436,fb-005528,train
1437,fb-011132,train
1438,fb-009708,train
1439,fb-018577,train
1440,fb-008242,test
1441,fb-006508,train
1442,fb-009440,train
1443,fb-003013,validation
1444,fb-002698,train
1445,fb-001768,train
1446,fb-009921,train
1447,fb-004851,train
1448,fb-017418,train
1449,fb-003636,train
1450,fb-017062,train
1451,fb-002046,train
1452,fb-018135,train
1453,fb-009927,train
1454,fb-002254,validation
1455,fb-019691,validation
1456,fb-008197,train
1457,fb-002515,train
1458,fb-002427,train
1459,fb-002697,train
1460,fb-017064,train
1461,fb-011805,test
1462,fb-012760,train
1463,fb-009400,validation
1464,fb-001288,test
1465,fb-004791,train
1466,fb-011065,test
1467,fb-011773,validation
1468,fb-001383,test
1469,fb-003543,train
1470,fb-009637,validation
1471,fb-012361,train
1472,fb-014820,validation
1473,fb-018870,test
1474,fb-013129,test
1475,fb-004356,train
1476,fb-009568,train
1477,fb-011238,validation
1478,fb-013694,train
1479,fb-003988,train
1480,fb-017902,test
1481,fb-010087,train
1482,fb-009103,test
1483,fb-008104,train
1484,fb-009560,train
1485,fb-008574,train
1486,fb-000785,train
1487,fb-017555,train
1488,fb-017927,train
1489,fb-012771,train
1490,fb-009954,train
1491,fb-001493,train
1492,fb-003562,train
1493,fb-018574,train
1494,fb-001023,train
1495,fb-001979,train
1496,fb-013009,validation
1497,fb-011809,train
1498,fb-016764,test
1499,fb-019689,train
1500,fb-011651,train
1501,fb-001150,validation
1502,fb-010804,validation
1503,fb-002662,test
1504,fb-008806,train
1505,fb-011368,train
1506,fb-009141,test
1507,fb-009603,train
1508,fb-013928,train
1509,fb-017016,train
1510,fb-015647,train
1511,fb-017596,validation
1512,fb-017176,train
1513,fb-003424,train
1514,fb-017992,validation
1515,fb-002744,train
1516,fb-007358,train
1517,fb-003405,validation
1518,fb-008097,train
1519,fb-010313,train
1520,fb-008462,train
1521,fb-016923,test
1522,fb-012895,train
1523,fb-003865,train
1524,fb-008995,validation
1525,fb-009406,train
1526,fb-010913,train
1527,fb-014981,test
1528,fb-009054,train
1529,fb-019386,train
1530,fb-000460,train
1531,fb-019003,train
1532,fb-017910,validation
1533,fb-018623,test
1534,fb-009076,train
1535,fb-009491,test
1536,fb-011893,train
1537,fb-018230,train
1538,fb-008705,train
1539,fb-001739,train
1540,fb-019218,train
1541,fb-011387,train
1542,fb-013286,train
1543,fb-001760,train
1544,fb-007176,test
1545,fb-008315,train
1546,fb-009969,train
1547,fb-008236,train
1548,fb-007051,train
1549,fb-016891,validation
1550,fb-015402,train
1551,fb-003098,validation
1552,fb-000471,train
1553,fb-011816,train
1554,fb-010252,train
1555,fb-017436,train
1556,fb-007840,validation
1557,fb-019023,train
1558,fb-003419,test
1559,fb-000468,test
1560,fb-007612,train
1561,fb-009135,train
1562,fb-006547,test
1563,fb-010450,train
1564,fb-016914,train
1565,fb-016954,test
1566,fb-018900,train
1567,fb-010664,train
1568,fb-011921,train
1569,fb-018431,test
1570,fb-000668,train
1571,fb-002315,train
1572,fb-019866,train
1573,fb-010528,train
1574,fb-012389,train
1575,fb-000656,train
1576,fb-001042,train
1577,fb-006285,validation
1578,fb-006092,train
1579,fb-004065,train
1580,fb-011474,train
1581,fb-017578,train
1582,fb-006339,train
1583,fb-003177,test
1584,fb-011483,train
1585,fb-001983,train
1586,fb-016656,train
1587,fb-002342,test
1588,fb-003824,test
1589,fb-010805,train
1590,fb-011439,test
1591,fb-008593,train
1592,fb-017160,test
1593,fb-007115,train
1594,fb-001146,train
1595,fb-010447,test
1596,fb-002855,test
1597,fb-009433,train
1598,fb-010245,train
1599,fb-007859,train
1600,fb-018363,validation
1601,fb-002867,train
1602,fb-012009,train
1603,fb-011144,validation
1604,fb-015827,train
1605,fb-009656,test
1606,fb-012984,validation
1607,fb-018194,train
1608,fb-003607,train
1609,fb-003434,train
1610,fb-010205,validation
1611,fb-010719,train
1612,fb-011671,validation
1613,fb-008439,validation
1614,fb-003101,train
1615,fb-017399,validation
1616,fb-000842,train
1617,fb-010703,train
1618,fb-018945,train
1619,fb-004751,validation
1620,fb-009879,validation
1621,fb-004361,train
1622,fb-003137,train
1623,fb-003316,train
1624,fb-011364,test
1625,fb-008565,train
1626,fb-000110,train
1627,fb-016946,train
1628,fb-002328,train
1629,fb-001188,test
1630,fb-008885,test
1631,fb-000117,train
1632,fb-012500,validation
1633,fb-010942,validation
1634,fb-003529,train
1635,fb-004515,validation
1636,fb-002712,train
1637,fb-002082,test
1638,fb-009193,train
1639,fb-018249,train
1640,fb-008624,validation
1641,fb-003440,train
1642,fb-018042,validation
1643,fb-016904,validation
1644,fb-002994,train
1645,fb-009482,train
1646,fb-011797,validation
1647,fb-017275,train
1648,fb-009221,train
1649,fb-010848,train
1650,fb-018653,train
1651,fb-012530,train
1652,fb-011862,train
1653,fb-002135,train
1654,fb-010656,test
1655,fb-003308,train
1656,fb-009820,validation
1657,fb-009415,train
1658,fb-018131,train
1659,fb-016594,train
1660,fb-019355,train
1661,fb-003303,train
1662,fb-012748,train
1663,fb-013526,train
1664,fb-009334,test
1665,fb-001440,train
1666,fb-007092,train
1667,fb-000767,train
1668,fb-017611,validation
1669,fb-018026,train
1670,fb-017216,train
1671,fb-008182,train
1672,fb-007707,validation
1673,fb-014176,test
1674,fb-009888,train
1675,fb-018047,test
1676,fb-009446,train
1677,fb-006585,train
1678,fb-009522,train
1679,fb-002331,train
1680,fb-019865,train
1681,fb-017626,train
1682,fb-013579,train
1683,fb-008487,train
1684,fb-018639,train
1685,fb-009469,test
1686,fb-017066,train
1687,fb-010204,train
1688,fb-006749,train
1689,fb-004276,train
1690,fb-001836,train
1691,fb-003614,train
1692,fb-002191,test
1693,fb-018564,train
1694,fb-013495,test
1695,fb-012394,train
1696,fb-010366,train
1697,fb-003949,train
1698,fb-003428,train
1699,fb-013469,test
1700,fb-011339,train
1701,fb-001248,test
1702,fb-003123,test
1703,fb-007985,validation
1704,fb-016092,validation
1705,fb-017723,validation
1706,fb-019531,train
1707,fb-009757,train
1708,fb-019408,train
1709,fb-017473,train
1710,fb-011098,test
1711,fb-007913,train
1712,fb-016129,train
1713,fb-008908,train
1714,fb-010281,train
1715,fb-011107,validation
1716,fb-008782,validation
1717,fb-009997,validation
1718,fb-010352,train
1719,fb-010110,validation
1720,fb-002318,train
1721,fb-005457,train
1722,fb-011919,train
1723,fb-018009,validation
1724,fb-000864,test
1725,fb-011419,train
1726,fb-011731,train
1727,fb-016917,test
1728,fb-011822,train
1729,fb-010734,validation
1730,fb-000756,train
1731,fb-017360,train
1732,fb-001635,train
1733,fb-008260,train
1734,fb-009443,train
1735,fb-003557,validation
1736,fb-001377,train
1737,fb-000811,validation
1738,fb-009852,train
1739,fb-009749,train
1740,fb-001864,train
1741,fb-010258,train
1742,fb-007904,train
1743,fb-017650,train
1744,fb-012937,train
1745,fb-001094,train
1746,fb-004629,train
1747,fb-006780,train
1748,fb-011832,train
1749,fb-010515,train
1750,fb-017529,validation
1751,fb-009178,train
1752,fb-017632,validation
1753,fb-017330,train
1754,fb-006155,validation
1755,fb-006601,train
1756,fb-015162,train
1757,fb-010874,test
1758,fb-019140,validation
1759,fb-008785,test
1760,fb-010735,train
1761,fb-002992,validation
1762,fb-002376,validation
1763,fb-002137,train
1764,fb-010036,train
1765,fb-001452,test
1766,fb-006306,train
1767,fb-010873,train
1768,fb-011012,train
1769,fb-008985,test
1770,fb-004257,train
1771,fb-003680,test
1772,fb-007100,train
1773,fb-005501,train
1774,fb-009431,test
1775,fb-009047,train
1776,fb-000951,validation
1777,fb-017046,train
1778,fb-010967,train
1779,fb-017439,train
1780,fb-017301,train
1781,fb-008160,train
1782,fb-019034,train
1783,fb-011349,test
1784,fb-002671,train
1785,fb-001315,train
1786,fb-013445,train
1787,fb-008839,test
1788,fb-010420,test
1789,fb-016221,train
1790,fb-010972,train
1791,fb-009789,train
1792,fb-013748,train
1793,fb-017154,train
1794,fb-007709,train
1795,fb-010247,test
1796,fb-008525,train
1797,fb-019633,train
1798,fb-013522,train
1799,fb-005678,train
1800,fb-012792,train
1801,fb-016963,test
1802,fb-013007,train
1803,fb-003804,train
1804,fb-013780,validation
1805,fb-015545,train
1806,fb-010082,train
1807,fb-017930,train
1808,fb-009981,train
1809,fb-011373,test
1810,fb-014852,test
1811,fb-012280,test
1812,fb-012438,train
1813,fb-000339,train
1814,fb-003626,train
1815,fb-016669,train
1816,fb-007077,train
1817,fb-008792,train
1818,fb-016615,validation
1819,fb-002544,train
1820,fb-017508,train
1821,fb-012410,train
1822,fb-009719,test
1823,fb-001883,train
1824,fb-010362,test
1825,fb-002733,train
1826,fb-011401,train
1827,fb-011713,train
1828,fb-013930,train
1829,fb-007119,test
1830,fb-012385,validation
1831,fb-017836,train
1832,fb-017404,train
1833,fb-002389,train
1834,fb-000447,test
1835,fb-007364,train
1836,fb-002629,train
1837,fb-002993,train
1838,fb-010828,validation
1839,fb-009157,train
1840,fb-000674,validation
1841,fb-013079,train
1842,fb-018185,validation
1843,fb-017999,validation
1844,fb-007690,train
1845,fb-006181,train
1846,fb-000840,train
1847,fb-002800,validation
1848,fb-010722,train
1849,fb-010469,train
1850,fb-003301,train
1851,fb-007794,train
1852,fb-002598,train
1853,fb-008248,train
1854,fb-012309,train
1855,fb-014007,validation
1856,fb-001786,validation
1857,fb-009513,test
1858,fb-018095,validation
1859,fb-010822,train
1860,fb-002321,train
1861,fb-015650,test
1862,fb-001139,train
1863,fb-002766,validation
1864,fb-017689,test
1865,fb-012345,train
1866,fb-018006,train
1867,fb-014438,train
1868,fb-000639,train
1869,fb-008334,validation
1870,fb-009259,validation
1871,fb-010293,train
1872,fb-019619,train
1873,fb-012733,validation
1874,fb-010979,train
1875,fb-015777,train
1876,fb-017987,train
1877,fb-017588,train
1878,fb-001259,test
1879,fb-005439,train
1880,fb-004566,train
1881,fb-012452,train
1882,fb-003260,test
1883,fb-009703,train
1884,fb-004439,train
1885,fb-002554,train
1886,fb-017888,validation
1887,fb-011939,train
1888,fb-010811,train
1889,fb-011060,train
1890,fb-009123,train
1891,fb-019763,train
1892,fb-012869,train
1893,fb-000595,train
1894,fb-005966,test
1895,fb-018586,train
1896,fb-002797,train
1897,fb-017125,train
1898,fb-017355,test
1899,fb-005617,validation
1900,fb-002369,validation
1901,fb-006093,test
1902,fb-015967,train
1903,fb-018862,train
1904,fb-017763,train
1905,fb-011383,train
1906,fb-003527,train
1907,fb-018260,train
1908,fb-019496,train
1909,fb-001612,train
1910,fb-012256,train
1911,fb-012753,train
1912,fb-012901,validation
1913,fb-007524,train
1914,fb-018270,train
1915,fb-018555,train
1916,fb-006963,train
1917,fb-011703,train
1918,fb-013500,train
1919,fb-000839,train
1920,fb-004053,train
1921,fb-017700,validation
1922,fb-003628,test
1923,fb-004730,train
1924,fb-013695,train
1925,fb-011865,train
1926,fb-014804,train
1927,fb-010859,train
1928,fb-010119,validation
1929,fb-008549,train
1930,fb-004965,train
1931,fb-019644,test
1932,fb-017793,validation
1933,fb-004119,train
1934,fb-017328,validation
1935,fb-003037,train
1936,fb-007019,train
1937,fb-003737,train
1938,fb-018392,validation
1939,fb-005404,train
1940,fb-009561,validation
1941,fb-000161,train
1942,fb-017620,train
1943,fb-003261,train
1944,fb-010823,validation
1945,fb-017350,train
1946,fb-011314,train
1947,fb-002521,train
1948,fb-003492,train
1949,fb-015607,train
1950,fb-001605,validation
1951,fb-015697,train
1952,fb-000566,train
1953,fb-013410,train
1954,fb-007460,test
1955,fb-008604,validation
1956,fb-006340,train
1957,fb-008229,train
1958,fb-011167,validation
1959,fb-009871,train
1960,fb-013684,train
1961,fb-011449,train
1962,fb-003861,train
1963,fb-001923,train
1964,fb-011903,train
1965,fb-010016,train
1966,fb-014920,train
1967,fb-000122,train
1968,fb-003736,train
1969,fb-018202,train
1970,fb-007964,train
1971,fb-000832,train
1972,fb-018118,validation
1973,fb-003174,train
1974,fb-000422,validation
1975,fb-001182,train
1976,fb-012300,train
1977,fb-005755,train
1978,fb-017088,train
1979,fb-018329,validation
1980,fb-008079,validation
1981,fb-010059,test
1982,fb-004559,test
1983,fb-017005,test
1984,fb-003689,validation
1985,fb-011170,train
1986,fb-003564,train
1987,fb-008798,train
1988,fb-003281,test
1989,fb-017094,test
1990,fb-005360,train
1991,fb-010214,train
1992,fb-010669,test
1993,fb-011155,train
1994,fb-009731,train
1995,fb-004977,train
1996,fb-018416,train
1997,fb-010870,train
1998,fb-005639,test
1999,fb-009792,train
2000,fb-000563,train
2001,fb-018259,test
2002,fb-011895,train
2003,fb-012294,validation
2004,fb-010429,test
2005,fb-017361,test
2006,fb-002991,test
2007,fb-009756,test
2008,fb-002661,train
2009,fb-011538,train
2010,fb-008683,train
2011,fb-010097,train
2012,fb-011436,train
2013,fb-014062,train
2014,fb-012863,train
2015,fb-016068,train
2016,fb-003525,validation
2017,fb-010626,validation
2018,fb-011531,test
2019,fb-008590,train
2020,fb-004077,train
2021,fb-013363,train
2022,fb-002546,train
2023,fb-009995,train
2024,fb-008084,train
2025,fb-003776,validation
2026,fb-008239,train
2027,fb-017205,train
2028,fb-011275,test
2029,fb-001752,train
2030,fb-000744,validation
2031,fb-000777,train
2032,fb-000709,train
2033,fb-016998,train
2034,fb-011243,validation
2035,fb-014101,train
2036,fb-012639,validation
2037,fb-003008,train
2038,fb-018391,train
2039,fb-011380,train
2040,fb-009312,train
2041,fb-009847,train
2042,fb-003418,train
2043,fb-010931,validation
2044,fb-004234,test
2045,fb-016971,train
2046,fb-019626,train
2047,fb-009639,train
2048,fb-004560,train
2049,fb-008300,train
2050,fb-012933,train
2051,fb-003185,train
2052,fb-011318,test
2053,fb-007184,train
2054,fb-009963,validation
2055,fb-007815,train
2056,fb-012523,train
2057,fb-012315,test
2058,fb-009583,validation
2059,fb-009033,train
2060,fb-006912,train
2061,fb-018197,train
2062,fb-013257,validation
2063,fb-018033,train
2064,fb-008088,train
2065,fb-013358,validation
2066,fb-008302,validation
2067,fb-008822,train
2068,fb-009500,train
2069,fb-010282,train
2070,fb-006003,train
2071,fb-009991,train
2072,fb-002020,train
2073,fb-010385,train
2074,fb-003470,train
2075,fb-012029,train
2076,fb-005085,train
2077,fb-017979,train
2078,fb-003493,train
2079,fb-003771,test
2080,fb-019710,train
2081,fb-001742,validation
2082,fb-003960,train
2083,fb-003172,train
2084,fb-011661,validation
2085,fb-000530,train
2086,fb-008682,train
2087,fb-012926,train
2088,fb-017319,train
2089,fb-012259,test
2090,fb-010344,train
2091,fb-013157,train
2092,fb-013560,train
2093,fb-009565,train
2094,fb-010099,train
2095,fb-013078,train
2096,fb-002850,train
2097,fb-019243,train
2098,fb-010353,train
2099,fb-011066,train
2100,fb-008201,test
2101,fb-016247,train
2102,fb-003536,test
2103,fb-002979,validation
2104,fb-009946,train
2105,fb-017636,validation
2106,fb-017259,train
2107,fb-009671,train
2108,fb-015496,validation
2109,fb-014320,test
2110,fb-001362,train
2111,fb-000970,train
2112,fb-019374,train
2113,fb-015019,train
2114,fb-000657,train
2115,fb-008955,train
2116,fb-009885,validation
2117,fb-018801,validation
2118,fb-005512,validation
2119,fb-002338,train
2120,fb-003225,train
2121,fb-012544,train
2122,fb-002883,train
2123,fb-001208,validation
2124,fb-002627,validation
2125,fb-003714,train
2126,fb-019217,train
2127,fb-007034,train
2128,fb-013569,train
2129,fb-007409,train
2130,fb-011470,train
2131,fb-007523,train
2132,fb-012370,test
2133,fb-000306,train
2134,fb-001997,train
2135,fb-011576,train
2136,fb-013036,train
2137,fb-019194,test
2138,fb-001412,train
2139,fb-012605,train
2140,fb-010792,test
2141,fb-013352,train
2142,fb-019650,test
2143,fb-013373,train
2144,fb-010955,train
2145,fb-002347,train
2146,fb-009389,test
2147,fb-001015,train
2148,fb-017713,train
2149,fb-012348,train
2150,fb-002067,train
2151,fb-014680,train
2152,fb-008333,train
2153,fb-018267,train
2154,fb-018765,train
2155,fb-013395,train
2156,fb-010677,train
2157,fb-004758,train
2158,fb-012898,validation
2159,fb-008231,test
2160,fb-008618,test
2161,fb-011323,train
2162,fb-009809,train
2163,fb-017159,train
2164,fb-011309,train
2165,fb-002555,train
2166,fb-008473,train
2167,fb-002795,train
2168,fb-003289,train
2169,fb-002907,train
2170,fb-017576,train
2171,fb-012606,train
2172,fb-002300,train
2173,fb-019533,validation
2174,fb-017172,train
2175,fb-010396,test
2176,fb-012719,validation
2177,fb-018209,validation
2178,fb-017353,train
2179,fb-009923,train
2180,fb-010201,train
2181,fb-006649,train
2182,fb-008355,train
2183,fb-003050,validation
2184,fb-008668,train
2185,fb-016341,train
2186,fb-002657,train
2187,fb-014033,train
2188,fb-012076,train
2189,fb-009120,validation
2190,fb-004594,train
2191,fb-015970,train
2192,fb-003282,train
2193,fb-002422,validation
2194,fb-008059,train
2195,fb-014219,train
2196,fb-015854,train
2197,fb-002276,train
2198,fb-009022,train
2199,fb-008237,train
2200,fb-003869,test
2201,fb-003930,train
2202,fb-014284,train
2203,fb-019574,train
2204,fb-015694,train
2205,fb-011061,train
2206,fb-011183,train
2207,fb-012045,train
2208,fb-018080,train
2209,fb-002513,validation
2210,fb-014525,train
2211,fb-011267,train
2212,fb-002483,test
2213,fb-002900,train
2214,fb-009667,train
2215,fb-000109,validation
2216,fb-011197,train
2217,fb-010742,train
2218,fb-007035,validation
2219,fb-012106,train
2220,fb-011101,train
2221,fb-010311,train
2222,fb-008538,test
2223,fb-011468,test
2224,fb-012966,test
2225,fb-017057,train
2226,fb-004716,train
2227,fb-012378,train
2228,fb-002666,test
2229,fb-010251,train
2230,fb-008118,train
2231,fb-010761,train
2232,fb-015048,train
2233,fb-018316,validation
2234,fb-007688,test
2235,fb-000934,train
2236,fb-008396,train
2237,fb-012150,train
2238,fb-008816,test
2239,fb-012028,train
2240,fb-002901,train
2241,fb-018322,train
2242,fb-009373,train
2243,fb-015233,train
2244,fb-015061,test
2245,fb-003679,train
2246,fb-003849,train
2247,fb-016555,validation
2248,fb-008909,validation
2249,fb-010001,train
2250,fb-009387,train
2251,fb-011598,train
2252,fb-009435,train
2253,fb-001049,train
2254,fb-003496,train
2255,fb-013510,validation
2256,fb-012910,train
2257,fb-009976,train
2258,fb-000013,test
2259,fb-011959,train
2260,fb-012531,train
2261,fb-009403,train
2262,fb-009084,train
2263,fb-014702,validation
2264,fb-009576,train
2265,fb-017225,validation
2266,fb-006241,train
2267,fb-007844,train
2268,fb-007213,validation
2269,fb-009987,train
2270,fb-012794,train
2271,fb-007741,train
2272,fb-001939,train
2273,fb-010374,train
2274,fb-008585,train
2275,fb-002610,train
2276,fb-000380,train
2277,fb-015028,train
2278,fb-008586,train
2279,fb-016427,train
2280,fb-010666,test
2281,fb-009965,train
2282,fb-005035,train
2283,fb-012744,train
2284,fb-008363,train
2285,fb-014725,train
2286,fb-005880,train
2287,fb-018584,train
2288,fb-011961,validation
2289,fb-008681,train
2290,fb-003380,train
2291,fb-010789,train
2292,fb-013213,train
2293,fb-004220,train
2294,fb-000489,train
2295,fb-017295,test
2296,fb-002819,train
2297,fb-007216,train
2298,fb-015773,train
2299,fb-003391,validation
2300,fb-008972,validation
2301,fb-017455,test
2302,fb-007453,train
2303,fb-002096,test
2304,fb-011905,train
2305,fb-013509,train
2306,fb-000184,validation
2307,fb-010717,train
2308,fb-010389,train
2309,fb-008062,train
2310,fb-013507,train
2311,fb-011887,train
2312,fb-012874,train
2313,fb-006442,test
2314,fb-011230,validation
2315,fb-014444,train
2316,fb-012448,test
2317,fb-001967,test
2318,fb-013411,train
2319,fb-010235,train
2320,fb-013110,test
2321,fb-009675,test
2322,fb-002812,train
2323,fb-017024,train
2324,fb-003975,train
2325,fb-016026,train
2326,fb-017556,train
2327,fb-003300,train
2328,fb-010326,train
2329,fb-000466,train
2330,fb-002786,train
2331,fb-017184,train
2332,fb-008475,train
2333,fb-009411,train
2334,fb-010493,train
2335,fb-012056,train
2336,fb-006130,train
2337,fb-000138,train
2338,fb-013637,train
2339,fb-018715,train
2340,fb-004971,train
2341,fb-016902,train
2342,fb-004679,train
2343,fb-014103,train
2344,fb-003045,train
2345,fb-004357,train
2346,fb-019292,validation
2347,fb-008954,train
2348,fb-011747,train
2349,fb-002726,train
2350,fb-002499,validation
2351,fb-010170,train
2352,fb-000954,train
2353,fb-017554,train
2354,fb-010238,train
2355,fb-002552,train
2356,fb-011760,train
2357,fb-018827,validation
2358,fb-019520,train
2359,fb-002438,train
2360,fb-008970,test
2361,fb-017824,train
2362,fb-010141,train
2363,fb-010548,validation
2364,fb-017653,test
2365,fb-008041,train
2366,fb-017886,test
2367,fb-015103,train
2368,fb-013551,train
2369,fb-017087,train
2370,fb-011520,train
2371,fb-011037,train
2372,fb-017558,train
2373,fb-017465,train
2374,fb-009598,train
2375,fb-012043,validation
2376,fb-010008,validation
2377,fb-002310,train
2378,fb-000498,validation
2379,fb-017207,train
2380,fb-010022,test
2381,fb-007428,validation
2382,fb-000650,train
2383,fb-013444,train
2384,fb-001236,train
2385,fb-017419,validation
2386,fb-002704,train
2387,fb-003911,train
2388,fb-014586,train
2389,fb-015844,train
2390,fb-008427,train
2391,fb-016630,train
2392,fb-003229,train
2393,fb-001502,train
2394,fb-006624,train
2395,fb-000066,train
2396,fb-004456,validation
2397,fb-008997,train
2398,fb-005973,validation
2399,fb-017557,train
2400,fb-000618,validation
2401,fb-012264,test
2402,fb-009303,train
2403,fb-017895,train
2404,fb-000397,train
2405,fb-011362,train
2406,fb-017163,train
2407,fb-002729,train
2408,fb-006517,train
2409,fb-009886,validation
2410,fb-008520,train
2411,fb-018687,train
2412,fb-005720,train
2413,fb-009822,train
2414,fb-016910,train
2415,fb-018001,train
2416,fb-001148,train
2417,fb-016441,validation
2418,fb-008140,train
2419,fb-004000,validation
2420,fb-000021,train
2421,fb-004418,train
2422,fb-001625,validation
2423,fb-009302,train
2424,fb-003664,train
2425,fb-003513,train
2426,fb-014799,validation
2427,fb-016952,validation
2428,fb-008321,test
2429,fb-019028,validation
2430,fb-011475,train
2431,fb-004653,test
2432,fb-012154,train
2433,fb-008543,train
2434,fb-012476,train
2435,fb-009166,train
2436,fb-008030,train
2437,fb-002304,train
2438,fb-012572,train
2439,fb-004051,train
2440,fb-011496,train
2441,fb-000890,train
2442,fb-013006,train
2443,fb-016842,train
2444,fb-002825,train
2445,fb-009133,train
2446,fb-008282,train
2447,fb-013176,train
2448,fb-006198,train
2449,fb-013293,train
2450,fb-017634,train
2451,fb-015491,train
2452,fb-013070,train
2453,fb-017635,train
2454,fb-012468,train
2455,fb-009580,validation
2456,fb-017367,test
2457,fb-001501,train
2458,fb-008209,validation
2459,fb-004556,validation
2460,fb-003202,train
2461,fb-011025,train
2462,fb-015354,train
2463,fb-010349,train
2464,fb-011719,validation
2465,fb-012724,train
2466,fb-003109,train
2467,fb-008454,train
2468,fb-002405,train
2469,fb-005323,train
2470,fb-009261,test
2471,fb-018997,train
2472,fb-001835,train
2473,fb-010700,train
2474,fb-016198,train
2475,fb-011506,train
2476,fb-011013,validation
2477,fb-002891,train
2478,fb-002716,train
2479,fb-017570,validation
2480,fb-008464,train
2481,fb-018440,train
2482,fb-003569,train
2483,fb-008461,train
2484,fb-004930,validation
2485,fb-019443,train
2486,fb-011411,train
2487,fb-012145,train
2488,fb-017655,validation
2489,fb-015829,train
2490,fb-008611,train
2491,fb-010617,train
2492,fb-008387,train
2493,fb-019247,train
2494,fb-003696,train
2495,fb-018991,train
2496,fb-002527,train
2497,fb-008083,train
2498,fb-010846,test
2499,fb-011179,train
2500,fb-010451,train
2501,fb-016984,train
2502,fb-004048,train
2503,fb-010706,validation
2504,fb-004512,train
2505,fb-012098,train
2506,fb-008526,test
2507,fb-018970,train
2508,fb-013067,train
2509,fb-013413,test
2510,fb-008524,train
2511,fb-017291,validation
2512,fb-008417,validation
2513,fb-013381,train
2514,fb-009278,train
2515,fb-010162,train
2516,fb-017152,train
2517,fb-015964,train
2518,fb-008724,validation
2519,fb-018761,validation
2520,fb-000661,train
2521,fb-000156,train
2522,fb-012533,train
2523,fb-012599,train
2524,fb-010074,train
2525,fb-004217,train
2526,fb-007107,train
2527,fb-011402,train
2528,fb-018074,test
2529,fb-009346,train
2530,fb-018225,train
2531,fb-015139,train
2532,fb-012776,test
2533,fb-011878,train
2534,fb-008763,test
2535,fb-003733,train
2536,fb-011707,train
2537,fb-003158,train
2538,fb-002861,train
2539,fb-002869,train
2540,fb-017807,test
2541,fb-011316,validation
2542,fb-010513,train
2543,fb-011497,train
2544,fb-010621,test
2545,fb-010661,train
2546,fb-009584,train
2547,fb-009293,train
2548,fb-010272,train
2549,fb-015892,validation
2550,fb-012214,train
2551,fb-009145,train
2552,fb-006687,train
2553,fb-006600,train
2554,fb-010299,train
2555,fb-011247,train
2556,fb-015508,train
2557,fb-017710,train
2558,fb-000895,train
2559,fb-003271,validation
2560,fb-012461,train
2561,fb-012964,train
2562,fb-008966,train
2563,fb-018357,test
2564,fb-016853,validation
2565,fb-007793,validation
2566,fb-008070,train
2567,fb-003248,train
2568,fb-006754,train
2569,fb-010505,test
2570,fb-019654,train
2571,fb-012958,test
2572,fb-003223,test
2573,fb-000058,train
2574,fb-018179,train
2575,fb-001791,validation
2576,fb-010768,train
2577,fb-003279,train
2578,fb-012134,train
2579,fb-008627,train
2580,fb-013002,validation
2581,fb-003438,train
2582,fb-017765,train
2583,fb-014166,train
2584,fb-010048,train
2585,fb-010156,validation
2586,fb-004226,train
2587,fb-011217,test
2588,fb-018517,train
2589,fb-001721,train
2590,fb-015304,train
2591,fb-018629,train
2592,fb-012263,train
2593,fb-006406,train
2594,fb-002645,train
2595,fb-000207,train
2596,fb-017375,train
2597,fb-008771,train
2598,fb-018576,train
2599,fb-018272,train
2600,fb-010218,train
2601,fb-010573,train
2602,fb-007666,validation
2603,fb-008103,train
2604,fb-013087,train
2605,fb-002299,train
2606,fb-018283,validation
2607,fb-008584,test
2608,fb-006097,train
2609,fb-002968,train
2610,fb-013292,train
2611,fb-002913,train
2612,fb-010052,train
2613,fb-010230,test
2614,fb-016317,train
2615,fb-018466,train
2616,fb-014860,validation
2617,fb-001708,train
2618,fb-004626,train
2619,fb-018551,train
2620,fb-002776,train
2621,fb-012074,train
2622,fb-012642,test
2623,fb-012213,test
2624,fb-003876,validation
2625,fb-014081,train
2626,fb-009745,train
2627,fb-009622,train
2628,fb-001057,train
2629,fb-019820,train
2630,fb-019230,train
2631,fb-002547,train
2632,fb-004091,train
2633,fb-011342,test
2634,fb-008612,train
2635,fb-011684,test
2636,fb-008936,validation
2637,fb-018393,train
2638,fb-010027,test
2639,fb-001105,train
2640,fb-003239,train
2641,fb-012825,train
2642,fb-003575,train
2643,fb-010067,test
2644,fb-012353,train
2645,fb-017719,train
2646,fb-016331,validation
2647,fb-005993,train
2648,fb-012577,train
2649,fb-018266,test
2650,fb-018291,train
2651,fb-012717,train
2652,fb-001509,train
2653,fb-001098,train
2654,fb-017227,train
2655,fb-003218,train
2656,fb-008695,test
2657,fb-010989,test
2658,fb-004398,validation
2659,fb-004125,train
2660,fb-017054,test
2661,fb-010702,validation
2662,fb-007553,train
2663,fb-008205,validation
2664,fb-003100,test
2665,fb-000147,train
2666,fb-008155,train
2667,fb-018905,train
2668,fb-010659,train
2669,fb-012697,test
2670,fb-005310,train
2671,fb-002470,train
2672,fb-000398,test
2673,fb-001355,train
2674,fb-003489,test
2675,fb-013456,train
2676,fb-012184,validation
2677,fb-016924,train
2678,fb-016872,train
2679,fb-011685,train
2680,fb-009450,train
2681,fb-011333,validation
2682,fb-000159,train
2683,fb-001837,validation
2684,fb-003820,train
2685,fb-001363,validation
2686,fb-015164,train
2687,fb-004163,test
2688,fb-000092,train
2689,fb-000473,train
2690,fb-010961,test
2691,fb-010689,train
2692,fb-011552,train
2693,fb-000222,test
2694,fb-015638,train
2695,fb-005705,validation
2696,fb-007663,train
2697,fb-001990,train
2698,fb-013544,train
2699,fb-019825,validation
2700,fb-006069,train
2701,fb-012175,train
2702,fb-008056,train
2703,fb-010412,test
2704,fb-012113,train
2705,fb-008082,train
2706,fb-009811,train
2707,fb-015654,train
2708,fb-007335,train
2709,fb-011454,test
2710,fb-008888,train
2711,fb-009632,test
2712,fb-003155,train
2713,fb-017098,train
2714,fb-001022,train
2715,fb-011649,train
2716,fb-011854,train
2717,fb-001971,train
2718,fb-008149,train
2719,fb-011202,train
2720,fb-008514,train
2721,fb-008401,validation
2722,fb-019138,train
2723,fb-011300,train
2724,fb-003396,train
2725,fb-014421,test
2726,fb-016554,train
2727,fb-011812,train
2728,fb-016486,validation
2729,fb-015771,test
2730,fb-003993,test
2731,fb-015834,train
2732,fb-011791,test
2733,fb-004007,train
2734,fb-008578,train
2735,fb-011435,train
2736,fb-001404,train
2737,fb-017974,validation
2738,fb-006833,train
2739,fb-013290,test
2740,fb-013651,train
2741,fb-003129,train
2742,fb-005305,train
2743,fb-016793,validation
2744,fb-003574,train
2745,fb-002914,test
2746,fb-016921,test
2747,fb-011947,train
2748,fb-000737,test
2749,fb-016947,validation
2750,fb-011226,test
2751,fb-012121,validation
2752,fb-004160,train
2753,fb-016327,train
2754,fb-012854,train
2755,fb-008917,test
2756,fb-006128,train
2757,fb-015435,train
2758,fb-012059,test
2759,fb-002454,train
2760,fb-005710,test
2761,fb-009437,train
2762,fb-001987,test
2763,fb-000576,train
2764,fb-011472,train
2765,fb-017544,test
2766,fb-012872,train
2767,fb-001907,train
2768,fb-015211,train
2769,fb-009409,train
2770,fb-010426,train
2771,fb-012635,train
2772,fb-018152,validation
2773,fb-004253,train
2774,fb-015519,train
2775,fb-000050,train
2776,fb-009495,train
2777,fb-002876,test
2778,fb-008275,train
2779,fb-015217,train
2780,fb-008266,train
2781,fb-014834,train
2782,fb-003453,train
2783,fb-001843,train
2784,fb-010033,train
2785,fb-016253,validation
2786,fb-000433,train
2787,fb-007478,test
2788,fb-008697,test
2789,fb-002509,test
2790,fb-008745,train
2791,fb-003191,train
2792,fb-012447,train
2793,fb-012574,test
2794,fb-007450,train
2795,fb-016446,train
2796,fb-009694,train
2797,fb-008876,train
2798,fb-018268,train
2799,fb-016691,test
2800,fb-017560,train
2801,fb-000256,train
2802,fb-011742,train
2803,fb-012244,train
2804,fb-009926,test
2805,fb-010314,train
2806,fb-006041,test
2807,fb-018103,train
2808,fb-018304,train
2809,fb-001757,test
2810,fb-017069,train
2811,fb-016980,test
2812,fb-011838,train
2813,fb-010660,train
2814,fb-010297,train
2815,fb-006464,test
2816,fb-013516,test
2817,fb-010602,train
2818,fb-012170,train
2819,fb-000081,train
2820,fb-012484,validation
2821,fb-012326,validation
2822,fb-013451,train
2823,fb-018005,train
2824,fb-019594,train
2825,fb-010424,train
2826,fb-006929,train
2827,fb-010358,train
2828,fb-006529,train
2829,fb-013342,train
2830,fb-006286,train
2831,fb-002851,train
2832,fb-008684,validation
2833,fb-004081,train
2834,fb-006495,train
2835,fb-012436,validation
2836,fb-012128,train
2837,fb-010249,train
2838,fb-010137,train
2839,fb-001929,train
2840,fb-007454,train
2841,fb-002535,train
2842,fb-018451,test
2843,fb-001671,train
2844,fb-011477,train
2845,fb-014784,train
2846,fb-018471,train
2847,fb-008721,test
2848,fb-002415,train
2849,fb-011574,train
2850,fb-012662,validation
2851,fb-005951,test
2852,fb-009439,train
2853,fb-009340,train
2854,fb-010266,test
2855,fb-011852,train
2856,fb-011391,train
2857,fb-001850,test
2858,fb-008853,train
2859,fb-018222,train
2860,fb-016394,train
2861,fb-005033,train
2862,fb-013518,train
2863,fb-011710,test
2864,fb-010749,test
2865,fb-007978,train
2866,fb-000096,validation
2867,fb-001890,train
2868,fb-003402,validation
2869,fb-002528,test
2870,fb-017251,train
2871,fb-018439,validation
2872,fb-003742,train
2873,fb-017998,test
2874,fb-001638,train
2875,fb-003049,test
2876,fb-010827,train
2877,fb-012117,validation
2878,fb-010306,train
2879,fb-011213,train
2880,fb-017416,train
2881,fb-010850,test
2882,fb-002573,train
2883,fb-008736,train
2884,fb-008161,train
2885,fb-018217,test
2886,fb-017379,train
2887,fb-014489,train
2888,fb-013831,test
2889,fb-000333,validation
2890,fb-011039,train
2891,fb-015438,train
2892,fb-008828,train
2893,fb-004857,train
2894,fb-002586,train
2895,fb-010150,train
2896,fb-003370,test
2897,fb-000987,validation
2898,fb-012365,train
2899,fb-017055,validation
2900,fb-008603,train
2901,fb-013612,train
2902,fb-003545,train
2903,fb-010109,train
2904,fb-019219,train
2905,fb-001710,train
2906,fb-011550,validation
2907,fb-019788,train
2908,fb-003922,train
2909,fb-012082,test
2910,fb-018008,train
2911,fb-009661,train
2912,fb-011209,train
2913,fb-015748,train
2914,fb-016131,train
2915,fb-007703,train
2916,fb-011530,train
2917,fb-001317,train
2918,fb-010911,train
2919,fb-015427,train
2920,fb-015136,train
2921,fb-001552,train
2922,fb-018421,train
2923,fb-013519,validation
2924,fb-007739,train
2925,fb-012550,train
2926,fb-019378,test
2927,fb-003829,validation
2928,fb-009657,train
2929,fb-010053,train
2930,fb-009211,test
2931,fb-010091,train
2932,fb-010103,train
2933,fb-011481,test
2934,fb-003212,test
2935,fb-015934,train
2936,fb-001822,train
2937,fb-004639,train
2938,fb-002833,train
2939,fb-002026,train
2940,fb-011016,train
2941,fb-009127,test
2942,fb-012173,train
2943,fb-008408,train
2944,fb-013153,test
2945,fb-008686,train
2946,fb-006171,test
2947,fb-006265,train
2948,fb-001982,train
2949,fb-012591,train
2950,fb-017642,train
2951,fb-011177,train
2952,fb-003857,train
2953,fb-002872,validation
2954,fb-015586,train
2955,fb-002463,train
2956,fb-008672,train
2957,fb-001658,train
2958,fb-004008,train
2959,fb-010010,train
2960,fb-008076,train
2961,fb-019720,test
2962,fb-000202,train
2963,fb-015098,train
2964,fb-003023,test
2965,fb-003872,train
2966,fb-014951,train
2967,fb-003377,train
2968,fb-001892,validation
2969,fb-016913,train
2970,fb-010449,test
2971,fb-008878,validation
2972,fb-010893,train
2973,fb-013379,train
2974,fb-015517,train
2975,fb-003390,train
2976,fb-008903,test
2977,fb-009615,validation
2978,fb-011050,train
2979,fb-008228,train
2980,fb-011374,validation
2981,fb-013515,train
2982,fb-010648,validation
2983,fb-012589,train
2984,fb-000146,train
2985,fb-013541,train
2986,fb-016586,train
2987,fb-013066,train
2988,fb-017492,train
2989,fb-001741,train
2990,fb-018105,validation
2991,fb-003263,train
2992,fb-016912,train
2993,fb-018361,test
2994,fb-017420,validation
2995,fb-009068,validation
2996,fb-000486,validation
2997,fb-012884,train
2998,fb-006638,train
2999,fb-017103,validation
3000,fb-009297,train
3001,fb-018010,train
3002,fb-017639,train
3003,fb-008717,train
3004,fb-004481,train
3005,fb-017023,train
3006,fb-011888,train
3007,fb-016115,train
3008,fb-007355,train
3009,fb-011614,train
3010,fb-002519,train
3011,fb-008360,train
3012,fb-018300,train
3013,fb-002222,validation
3014,fb-017835,test
3015,fb-005686,test
3016,fb-012569,validation
3017,fb-001879,train
3018,fb-012998,test
3019,fb-004114,train
3020,fb-004178,validation
3021,fb-009735,train
3022,fb-006481,train
3023,fb-003243,train
3024,fb-005462,train
3025,fb-002144,train
3026,fb-003257,train
3027,fb-005882,train
3028,fb-000453,train
3029,fb-000703,train
3030,fb-010888,train
3031,fb-017590,train
3032,fb-012201,train
3033,fb-005937,train
3034,fb-000836,train
3035,fb-006752,test
3036,fb-002623,train
3037,fb-013389,train
3038,fb-002344,train
3039,fb-009713,train
3040,fb-007396,train
3041,fb-000965,train
3042,fb-001593,validation
3043,fb-017527,train
3044,fb-017422,train
3045,fb-003285,test
3046,fb-009494,validation
3047,fb-011409,train
3048,fb-012455,validation
3049,fb-012234,train
3050,fb-007785,train
3051,fb-012945,train
3052,fb-009356,train
3053,fb-019177,train
3054,fb-011187,train
3055,fb-012997,train
3056,fb-012982,train
3057,fb-014816,test
3058,fb-009464,test
3059,fb-016552,train
3060,fb-003093,train
3061,fb-001276,train
3062,fb-017039,train
3063,fb-002839,train
3064,fb-013012,train
3065,fb-018779,test
3066,fb-013739,validation
3067,fb-018271,train
3068,fb-013418,train
3069,fb-001020,train
3070,fb-013435,train
3071,fb-015702,train
3072,fb-002173,validation
3073,fb-011978,train
3074,fb-003012,validation
3075,fb-010637,train
3076,fb-007270,train
3077,fb-012388,test
3078,fb-009998,train
3079,fb-006244,train
3080,fb-001167,train
3081,fb-016702,train
3082,fb-019396,train
3083,fb-010370,train
3084,fb-002602,validation
3085,fb-003386,validation
3086,fb-012231,train
3087,fb-013886,train
3088,fb-010276,train
3089,fb-002106,train
3090,fb-016493,train
3091,fb-017685,train
3092,fb-012115,train
3093,fb-003345,test
3094,fb-008369,test
3095,fb-000748,train
3096,fb-003200,train
3097,fb-010940,train
3098,fb-008562,train
3099,fb-010532,train
3100,fb-012424,train
3101,fb-002176,train
3102,fb-006589,test
3103,fb-007050,train
3104,fb-017568,test
3105,fb-019187,test
3106,fb-003540,train
3107,fb-011789,train
3108,fb-013603,train
3109,fb-003842,train
3110,fb-015220,train
3111,fb-012841,test
3112,fb-008298,test
3113,fb-017454,train
3114,fb-017177,train
3115,fb-002911,train
3116,fb-019678,train
3117,fb-019337,train
3118,fb-008508,train
3119,fb-002520,test
3120,fb-014962,validation
3121,fb-010174,train
3122,fb-010710,train
3123,fb-001011,train
3124,fb-011824,train
3125,fb-012944,train
3126,fb-015118,train
3127,fb-008847,train
3128,fb-009122,validation
3129,fb-012303,train
3130,fb-003065,train
3131,fb-012168,train
3132,fb-011757,train
3133,fb-018232,train
3134,fb-001381,train
3135,fb-012212,train
3136,fb-009186,train
3137,fb-003096,train
3138,fb-014418,train
3139,fb-006104,train
3140,fb-008678,train
3141,fb-011597,train
3142,fb-017790,test
3143,fb-003799,train
3144,fb-012357,train
3145,fb-012335,train
3146,fb-006110,train
3147,fb-011503,train
3148,fb-009686,validation
3149,fb-011781,test
3150,fb-009715,train
3151,fb-007970,train
3152,fb-002456,train
3153,fb-001064,train
3154,fb-017936,train
3155,fb-007485,train
3156,fb-006290,train
3157,fb-003915,train
3158,fb-016410,train
3159,fb-011570,train
3160,fb-018204,train
3161,fb-004070,validation
3162,fb-017814,train
3163,fb-008581,train
3164,fb-012478,train
3165,fb-001940,train
3166,fb-003802,train
3167,fb-011205,train
3168,fb-013481,train
3169,fb-011176,validation
3170,fb-010877,train
3171,fb-004906,train
3172,fb-008353,validation
3173,fb-013855,validation
3174,fb-009722,train
3175,fb-002668,train
3176,fb-017667,validation
3177,fb-001727,validation
3178,fb-017706,test
3179,fb-009311,train
3180,fb-009441,test
3181,fb-008537,train
3182,fb-002302,train
3183,fb-010769,test
3184,fb-003173,train
3185,fb-009662,train
3186,fb-008913,train
3187,fb-015610,validation
3188,fb-002160,train
3189,fb-003251,train
3190,fb-001153,train
3191,fb-017196,train
3192,fb-011743,train
3193,fb-010740,test
3194,fb-003654,train
3195,fb-003558,train
3196,fb-017771,validation
3197,fb-015837,train
3198,fb-004064,test
3199,fb-000841,train
3200,fb-014109,train
3201,fb-013218,validation
3202,fb-015370,validation
3203,fb-004161,train
3204,fb-008256,train
3205,fb-012588,train
3206,fb-013121,train
3207,fb-017670,train
3208,fb-015285,train
3209,fb-006983,train
3210,fb-009754,test
3211,fb-003996,test
3212,fb-001060,train
3213,fb-008974,train
3214,fb-008133,train
3215,fb-017850,train
3216,fb-019501,train
3217,fb-014732,validation
3218,fb-010465,train
3219,fb-017273,train
3220,fb-004045,train
3221,fb-011631,train
3222,fb-008095,test
3223,fb-008510,train
3224,fb-017892,train
3225,fb-011536,train
3226,fb-009341,train
3227,fb-017939,test
3228,fb-010394,train
3229,fb-009195,train
3230,fb-008915,test
3231,fb-011262,train
3232,fb-006764,train
3233,fb-009834,validation
3234,fb-012167,train
3235,fb-008706,validation
3236,fb-012556,validation
3237,fb-002030,train
3238,fb-003117,train
3239,fb-003517,train
3240,fb-012010,test
3241,fb-011806,train
3242,fb-010622,validation
3243,fb-014363,validation
3244,fb-009536,train
3245,fb-011981,test
3246,fb-015397,validation
3247,fb-009704,train
3248,fb-010541,train
3249,fb-000602,validation
3250,fb-008220,test
3251,fb-015566,train
3252,fb-018144,train
3253,fb-010651,train
3254,fb-004853,train
3255,fb-017417,train
3256,fb-004301,test
3257,fb-016268,train
3258,fb-006330,test
3259,fb-010360,validation
3260,fb-008850,train
3261,fb-008764,test
3262,fb-007038,train
3263,fb-013538,validation
3264,fb-005467,train
3265,fb-002189,train
3266,fb-009404,train
3267,fb-011150,train
3268,fb-002429,train
3269,fb-007138,train
3270,fb-016165,train
3271,fb-010192,train
3272,fb-011386,train
3273,fb-008916,train
3274,fb-008212,train
3275,fb-004383,train
3276,fb-011166,train
3277,fb-012803,test
3278,fb-010182,train
3279,fb-010390,train
3280,fb-011035,train
3281,fb-017607,train
3282,fb-009839,train
3283,fb-011350,train
3284,fb-017142,train
3285,fb-014605,train
3286,fb-011451,train
3287,fb-000784,train
3288,fb-018288,train
3289,fb-000414,train
3290,fb-008515,train
3291,fb-001714,validation
3292,fb-010199,train
3293,fb-001089,train
3294,fb-010255,train
3295,fb-015291,train
3296,fb-002805,train
3297,fb-001713,validation
3298,fb-017512,test
3299,fb-009436,train
3300,fb-003906,train
3301,fb-017894,validation
3302,fb-018257,test
3303,fb-005430,train
3304,fb-000168,train
3305,fb-010785,train
3306,fb-019609,train
3307,fb-008352,train
3308,fb-010594,train
3309,fb-011114,train
3310,fb-003217,train
3311,fb-011426,train
3312,fb-014135,train
3313,fb-002484,test
3314,fb-018704,train
3315,fb-002471,train
3316,fb-002441,test
3317,fb-000542,validation
3318,fb-009238,test
3319,fb-009357,train
3320,fb-010345,train
3321,fb-011299,validation
3322,fb-018853,validation
3323,fb-012708,train
3324,fb-016920,train
3325,fb-014530,train
3326,fb-006341,train
3327,fb-018216,train
3328,fb-003548,validation
3329,fb-010609,train
3330,fb-012718,train
3331,fb-003580,train
3332,fb-004089,train
3333,fb-012902,train
3334,fb-001905,validation
3335,fb-010220,train
3336,fb-004032,train
3337,fb-016032,train
3338,fb-015546,train
3339,fb-010372,train
3340,fb-013939,train
3341,fb-002906,train
3342,fb-003382,validation
3343,fb-005816,train
3344,fb-017659,train
3345,fb-008466,validation
3346,fb-012164,train
3347,fb-011729,train
3348,fb-018610,train
3349,fb-016712,train
3350,fb-011815,test
3351,fb-005644,train
3352,fb-010339,train
3353,fb-012571,validation
3354,fb-013793,test
3355,fb-003024,train
3356,fb-003683,train
3357,fb-019834,train
3358,fb-012789,train
3359,fb-019336,validation
3360,fb-011265,validation
3361,fb-005449,train
3362,fb-003477,validation
3363,fb-011654,train
3364,fb-014453,test
3365,fb-002301,test
3366,fb-012153,train
3367,fb-010039,train
3368,fb-008523,train
3369,fb-003919,train
3370,fb-003700,train
3371,fb-008594,validation
3372,fb-017151,train
3373,fb-010517,validation
3374,fb-000629,train
3375,fb-004024,train
3376,fb-018284,train
3377,fb-007990,test
3378,fb-005516,train
3379,fb-000420,train
3380,fb-015893,train
3381,fb-003144,test
3382,fb-017856,test
3383,fb-001846,train
3384,fb-002799,train
3385,fb-010564,train
3386,fb-003408,test
3387,fb-013347,train
3388,fb-017298,train
3389,fb-017313,train
3390,fb-012160,train
3391,fb-001298,train
3392,fb-002397,train
3393,fb-003920,validation
3394,fb-018014,test
3395,fb-005596,test
3396,fb-012923,train
3397,fb-009874,validation
3398,fb-003577,train
3399,fb-004071,test
3400,fb-012063,test
3401,fb-014034,train
3402,fb-008990,train
3403,fb-013262,train
3404,fb-016598,train
3405,fb-000759,validation
3406,fb-001934,validation
3407,fb-017566,train
3408,fb-000143,train
3409,fb-004790,train
3410,fb-003363,test
3411,fb-003561,train
3412,fb-013220,validation
3413,fb-002877,train
3414,fb-006530,validation
3415,fb-001537,validation
3416,fb-018331,train
3417,fb-011001,validation
3418,fb-001450,train
3419,fb-010482,train
3420,fb-008901,train
3421,fb-005536,validation
3422,fb-010506,train
3423,fb-017656,train
3424,fb-003503,train
3425,fb-010481,test
3426,fb-010180,validation
3427,fb-001802,train
3428,fb-003286,train
3429,fb-003927,train
3430,fb-017425,train
3431,fb-006813,validation
3432,fb-011715,test
3433,fb-006661,train
3434,fb-002165,validation
3435,fb-011056,test
3436,fb-009660,train
3437,fb-000651,train
3438,fb-008420,validation
3439,fb-001581,validation
3440,fb-009371,train
3441,fb-012730,train
3442,fb-002206,train
3443,fb-007283,train
3444,fb-010017,train
3445,fb-016783,test
3446,fb-001468,train
3447,fb-017931,train
3448,fb-005713,train
3449,fb-012616,train
3450,fb-001226,train
3451,fb-011579,train
3452,fb-005382,train
3453,fb-007161,train
3454,fb-017696,train
3455,fb-013465,train
3456,fb-013466,test
3457,fb-003844,test
3458,fb-013528,validation
3459,fb-002095,train
3460,fb-017785,test
3461,fb-017775,train
3462,fb-019854,train
3463,fb-012562,train
3464,fb-002560,validation
3465,fb-013034,train
3466,fb-011617,train
3467,fb-008614,train
3468,fb-003534,train
3469,fb-010527,test
3470,fb-010307,validation
3471,fb-011252,validation
3472,fb-001796,train
3473,fb-003850,test
3474,fb-018778,validation
3475,fb-001622,train
3476,fb-004822,train
3477,fb-001871,validation
3478,fb-002843,test
3479,fb-010212,train
3480,fb-012654,train
3481,fb-009908,train
3482,fb-015929,train
3483,fb-009499,validation
3484,fb-014124,train
3485,fb-000332,train
3486,fb-003272,train
3487,fb-000972,train
3488,fb-003587,train
3489,fb-013064,test
3490,fb-013268,validation
3491,fb-016934,train
3492,fb-002708,train
3493,fb-000573,train
3494,fb-013142,test
3495,fb-001894,train
3496,fb-015867,train
3497,fb-005630,validation
3498,fb-009282,test
3499,fb-004159,train
3500,fb-013404,train
3501,fb-012909,train
3502,fb-017238,train
3503,fb-004609,train
3504,fb-008992,train
3505,fb-007648,validation
3506,fb-011484,train
3507,fb-004050,test
3508,fb-006437,train
3509,fb-003610,train
3510,fb-013485,train
3511,fb-013613,validation
3512,fb-005581,test
3513,fb-019560,test
3514,fb-002769,train
3515,fb-012299,train
3516,fb-017446,validation
3517,fb-011640,train
3518,fb-002970,validation
3519,fb-014625,train
3520,fb-003334,train
3521,fb-000978,train
3522,fb-019330,train
3523,fb-014918,test
3524,fb-004002,test
3525,fb-009594,train
3526,fb-011988,train
3527,fb-010219,train
3528,fb-012594,test
3529,fb-011889,train
3530,fb-000738,train
3531,fb-019914,validation
3532,fb-013536,train
3533,fb-018542,train
3534,fb-012332,train
3535,fb-002104,validation
3536,fb-012320,train
3537,fb-007047,test
3538,fb-002987,train
3539,fb-010132,test
3540,fb-012198,train
3541,fb-013584,test
3542,fb-000520,train
3543,fb-013337,validation
3544,fb-000861,test
3545,fb-010760,train
3546,fb-004193,train
3547,fb-004099,train
3548,fb-008052,train
3549,fb-013475,validation
3550,fb-003197,validation
3551,fb-007503,train
3552,fb-008422,train
3553,fb-006100,train
3554,fb-014304,train
3555,fb-000902,train
3556,fb-003182,test
3557,fb-008274,train
3558,fb-002442,train
3559,fb-011434,test
3560,fb-008259,test
3561,fb-003028,test
3562,fb-012414,train
3563,fb-017085,train
3564,fb-008779,test
3565,fb-001384,train
3566,fb-007059,test
3567,fb-007868,train
3568,fb-003961,test
3569,fb-008033,train
3570,fb-008506,test
3571,fb-019804,train
3572,fb-013346,test
3573,fb-011647,train
3574,fb-003544,test
3575,fb-003250,test
3576,fb-010503,train
3577,fb-000036,train
3578,fb-008557,test
3579,fb-003120,train
3580,fb-012627,train
3581,fb-006690,validation
3582,fb-017282,train
3583,fb-018627,train
3584,fb-002567,validation
3585,fb-000958,test
3586,fb-003046,train
3587,fb-012240,train
3588,fb-017537,train
3589,fb-015375,train
3590,fb-010945,train
3591,fb-009562,train
3592,fb-004720,train
3593,fb-005370,train
3594,fb-010774,train
3595,fb-011839,train
3596,fb-009702,train
3597,fb-019166,train
3598,fb-018335,train
3599,fb-002290,train
3600,fb-014180,train
3601,fb-010477,train
3602,fb-012905,train
3603,fb-003758,train
3604,fb-017274,train
3605,fb-002517,train
3606,fb-001876,validation
3607,fb-003941,train
3608,fb-009567,train
3609,fb-012276,validation
3610,fb-000177,train
3611,fb-008045,train
3612,fb-016294,validation
3613,fb-010181,train
3614,fb-008366,train
3615,fb-017766,train
3616,fb-001925,train
3617,fb-001293,train
3618,fb-013907,train
3619,fb-013419,train
3620,fb-000102,test
3621,fb-013535,train
3622,fb-006354,train
3623,fb-015234,test
3624,fb-011420,test
3625,fb-005030,train
3626,fb-004997,train
3627,fb-008657,train
3628,fb-010632,validation
3629,fb-008060,train
3630,fb-010857,test
3631,fb-001964,train
3632,fb-009318,test
3633,fb-012779,train
3634,fb-000103,train
3635,fb-002437,test
3636,fb-007173,train
3637,fb-010649,validation
3638,fb-008291,train
3639,fb-008496,train
3640,fb-017283,train
3641,fb-011271,train
3642,fb-012095,train
3643,fb-010183,train
3644,fb-008180,train
3645,fb-002857,train
3646,fb-017757,test
3647,fb-010480,train
3648,fb-002242,train
3649,fb-013463,train
3650,fb-008667,train
3651,fb-006897,validation
3652,fb-008650,validation
3653,fb-008521,train
3654,fb-008038,train
3655,fb-012038,train
3656,fb-011989,train
3657,fb-011455,train
3658,fb-016943,train
3659,fb-009925,train
3660,fb-012831,train
3661,fb-012061,train
3662,fb-017148,train
3663,fb-009609,train
3664,fb-006900,train
3665,fb-011033,train
3666,fb-017320,train
3667,fb-012983,train
3668,fb-002924,train
3669,fb-017495,train
3670,fb-012683,train
3671,fb-007084,train
3672,fb-009952,train
3673,fb-001815,train
3674,fb-003342,test
3675,fb-008861,train
3676,fb-003321,validation
3677,fb-018619,train
3678,fb-017820,test
3679,fb-016936,validation
3680,fb-013052,test
3681,fb-017480,test
3682,fb-018372,test
3683,fb-010364,train
3684,fb-012749,test
3685,fb-016133,train
3686,fb-010405,train
3687,fb-011390,test
3688,fb-011953,train
3689,fb-005227,validation
3690,fb-014226,train
3691,fb-010929,validation
3692,fb-014642,train
3693,fb-017937,validation
3694,fb-006936,train
3695,fb-000825,test
3696,fb-016918,test
3697,fb-017382,train
3698,fb-017133,test
3699,fb-010492,test
3700,fb-010939,test
3701,fb-015186,train
3702,fb-009677,train
3703,fb-001908,train
3704,fb-006834,test
3705,fb-009903,validation
3706,fb-016385,train
3707,fb-015573,train
3708,fb-008404,train
3709,fb-018901,test
3710,fb-011089,train
3711,fb-011189,validation
3712,fb-002158,validation
3713,fb-012860,train
3714,fb-002727,train
3715,fb-013048,test
3716,fb-019276,train
3717,fb-003845,validation
3718,fb-008453,train
3719,fb-000724,train
3720,fb-000198,validation
3721,fb-006434,train
3722,fb-003967,train
3723,fb-014553,train
3724,fb-008257,test
3725,fb-008077,train
3726,fb-013059,train
3727,fb-016137,validation
3728,fb-007491,train
3729,fb-011556,train
3730,fb-002940,validation
3731,fb-000131,train
3732,fb-017633,train
3733,fb-010223,train
3734,fb-007223,train
3735,fb-012205,validation
3736,fb-018251,test
3737,fb-009205,train
3738,fb-000082,train
3739,fb-015842,train
3740,fb-011446,train
3741,fb-009970,test
3742,fb-002564,train
3743,fb-010316,train
3744,fb-012915,validation
3745,fb-003653,train
3746,fb-008815,train
3747,fb-019437,validation
3748,fb-017119,test
3749,fb-000123,train
3750,fb-002287,train
3751,fb-015709,validation
3752,fb-019097,train
3753,fb-003152,validation
3754,fb-004035,train
3755,fb-010635,train
3756,fb-006034,train
3757,fb-000235,train
3758,fb-014499,train
3759,fb-000115,test
3760,fb-008760,validation
3761,fb-006206,train
3762,fb-008214,validation
3763,fb-018111,train
3764,fb-009296,train
3765,fb-018332,train
3766,fb-003110,train
3767,fb-011358,train
3768,fb-010793,validation
3769,fb-019630,train
3770,fb-018538,train
3771,fb-004366,test
3772,fb-019500,train
3773,fb-012925,train
3774,fb-009181,train
3775,fb-010852,train
3776,fb-008441,validation
3777,fb-008541,train
3778,fb-004700,test
3779,fb-007951,validation
3780,fb-005869,train
3781,fb-009392,train
3782,fb-018192,validation
3783,fb-001627,validation
3784,fb-010727,validation
3785,fb-003834,train
3786,fb-004861,train
3787,fb-012333,validation
3788,fb-002395,test
3789,fb-009025,train
3790,fb-012524,train
3791,fb-002341,train
3792,fb-001158,train
3793,fb-000031,train
3794,fb-011627,train
3795,fb-009803,train
3796,fb-017837,test
3797,fb-010759,train
3798,fb-015156,train
3799,fb-008835,train
3800,fb-008639,test
3801,fb-014665,train
3802,fb-010442,train
3803,fb-002977,train
3804,fb-012136,train
3805,fb-003748,train
3806,fb-017123,test
3807,fb-016064,validation
3808,fb-001834,train
3809,fb-009276,train
3810,fb-003161,train
3811,fb-003780,test
3812,fb-012384,test
3813,fb-017721,train
3814,fb-016193,test
3815,fb-011162,train
3816,fb-000955,train
3817,fb-008793,validation
3818,fb-000645,validation
3819,fb-009930,train
3820,fb-012777,train
3821,fb-016950,train
3822,fb-010536,test
3823,fb-002798,train
3824,fb-004215,train
3825,fb-000983,train
3826,fb-011612,train
3827,fb-001998,test
3828,fb-008277,validation
3829,fb-019290,validation
3830,fb-002644,train
3831,fb-011140,train
3832,fb-013558,validation
3833,fb-014437,train
3834,fb-008211,validation
3835,fb-001350,train
3836,fb-017767,train
3837,fb-012005,train
3838,fb-001736,train
3839,fb-002473,test
3840,fb-014785,train
3841,fb-010614,train
3842,fb-011507,train
3843,fb-010491,train
3844,fb-017592,test
3845,fb-004714,train
3846,fb-004134,test
3847,fb-012253,train
3848,fb-002974,test
3849,fb-017466,validation
3850,fb-008900,train
3851,fb-015981,train
3852,fb-012900,train
3853,fb-016316,validation
3854,fb-000637,train
3855,fb-017923,test
3856,fb-008841,train
3857,fb-009863,test
3858,fb-010974,validation
3859,fb-001775,train
3860,fb-003171,validation
3861,fb-009078,train
3862,fb-006781,test
3863,fb-001111,test
3864,fb-000263,train
3865,fb-000944,train
3866,fb-019172,validation
3867,fb-010202,test
3868,fb-009737,train
3869,fb-014487,train
3870,fb-010444,train
3871,fb-003940,train
3872,fb-004982,train
3873,fb-008573,train
3874,fb-004900,test
3875,fb-000833,test
3876,fb-009802,train
3877,fb-000044,train
3878,fb-007877,train
3879,fb-018631,train
3880,fb-015743,train
3881,fb-011398,test
3882,fb-002634,train
3883,fb-019227,train
3884,fb-006257,validation
3885,fb-006744,validation
3886,fb-002822,test
3887,fb-017585,validation
3888,fb-009413,train
3889,fb-002086,validation
3890,fb-001390,test
3891,fb-003154,train
3892,fb-006268,train
3893,fb-003312,test
3894,fb-011075,train
3895,fb-008783,train
3896,fb-011814,train
3897,fb-013127,train
3898,fb-011478,validation
3899,fb-016992,train
3900,fb-012625,train
3901,fb-000844,validation
3902,fb-016381,train
3903,fb-017736,validation
3904,fb-006461,train
3905,fb-016749,validation
3906,fb-017079,validation
3907,fb-000871,test
3908,fb-008263,validation
3909,fb-008346,train
3910,fb-016030,train
3911,fb-002284,train
3912,fb-012620,train
3913,fb-012671,train
3914,fb-014347,validation
3915,fb-012691,train
3916,fb-008975,train
3917,fb-005403,train
3918,fb-002457,validation
3919,fb-009971,test
3920,fb-017870,train
3921,fb-002721,validation
3922,fb-011006,train
3923,fb-012356,test
3924,fb-013028,train
3925,fb-009619,train
3926,fb-013376,train
3927,fb-013080,train
3928,fb-015738,validation
3929,fb-008134,train
3930,fb-013467,validation
3931,fb-001669,train
3932,fb-001516,train
3933,fb-008090,test
3934,fb-009194,train
3935,fb-010280,train
3936,fb-008857,train
3937,fb-010530,validation
3938,fb-010984,test
3939,fb-014075,validation
3940,fb-018215,validation
3941,fb-001292,train
3942,fb-002750,test
3943,fb-003246,train
3944,fb-011980,train
3945,fb-018960,train
3946,fb-002953,train
3947,fb-002188,train
3948,fb-009528,validation
3949,fb-003952,train
3950,fb-013013,train
3951,fb-004087,validation
3952,fb-012941,validation
3953,fb-009444,train
3954,fb-006125,train
3955,fb-003146,train
3956,fb-008338,test
3957,fb-002029,train
3958,fb-018201,train
3959,fb-011466,train
3960,fb-016280,validation
3961,fb-010020,validation
3962,fb-013563,validation
3963,fb-016981,train
3964,fb-017104,validation
3965,fb-012104,train
3966,fb-011381,validation
3967,fb-014146,train
3968,fb-008556,train
3969,fb-017286,validation
3970,fb-010030,train
3971,fb-000994,validation
3972,fb-014049,train
3973,fb-017704,train
3974,fb-007825,train
3975,fb-004377,train
3976,fb-008940,train
3977,fb-004221,train
3978,fb-012631,validation
3979,fb-017449,train
3980,fb-011286,test
3981,fb-012681,validation
3982,fb-001076,validation
3983,fb-017230,train
3984,fb-003476,test
3985,fb-000819,train
3986,fb-007271,train
3987,fb-010217,train
3988,fb-016400,test
3989,fb-010650,validation
3990,fb-011886,validation
3991,fb-018339,train
3992,fb-003994,test
3993,fb-004551,train
3994,fb-003600,train
3995,fb-010987,validation
3996,fb-012727,validation
3997,fb-018170,test
3998,fb-007309,validation
3999,fb-004646,train
4000,fb-012725,train
4001,fb-018367,train
4002,fb-011083,test
4003,fb-016847,validation
4004,fb-008178,train
4005,fb-009774,train
4006,fb-017899,validation
4007,fb-011493,train
4008,fb-018690,train
4009,fb-010386,train
4010,fb-000557,train
4011,fb-003894,train
4012,fb-016856,train
4013,fb-005627,train
4014,fb-014788,test
4015,fb-006642,train
4016,fb-009401,train
4017,fb-009005,validation
4018,fb-012049,train
4019,fb-006957,train
4020,fb-012182,train
4021,fb-008416,test
4022,fb-018172,train
4023,fb-007810,train
4024,fb-002647,train
4025,fb-001870,test
4026,fb-005045,train
4027,fb-012377,train
4028,fb-002195,train
4029,fb-009065,train
4030,fb-004095,test
4031,fb-017075,train
4032,fb-018083,train
4033,fb-009362,train
4034,fb-017541,validation
4035,fb-008127,train
4036,fb-003318,train
4037,fb-017209,train
4038,fb-018305,train
4039,fb-017431,train
4040,fb-011149,train
4041,fb-018165,train
4042,fb-018164,train
4043,fb-004182,test
4044,fb-007235,train
4045,fb-009361,train
4046,fb-010728,train
4047,fb-003578,train
4048,fb-001723,train
4049,fb-009306,train
4050,fb-009866,validation
4051,fb-011064,validation
4052,fb-016666,validation
4053,fb-018134,validation
4054,fb-012275,validation
4055,fb-010391,train
4056,fb-002686,train
4057,fb-010504,validation
4058,fb-005202,test
4059,fb-008481,test
4060,fb-011942,train
4061,fb-009085,train
4062,fb-009233,validation
4063,fb-019181,train
4064,fb-009953,test
4065,fb-011279,train
4066,fb-001578,train
4067,fb-006423,train
4068,fb-012047,train
4069,fb-003228,train
4070,fb-012382,train
4071,fb-001379,validation
4072,fb-002881,train
4073,fb-015798,train
4074,fb-003775,train
4075,fb-019535,train
4076,fb-008165,train
4077,fb-015894,validation
4078,fb-017396,test
4079,fb-010831,train
4080,fb-012358,train
4081,fb-016157,test
4082,fb-017644,train
4083,fb-007875,train
4084,fb-010463,train
4085,fb-002337,validation
4086,fb-000278,test
4087,fb-017594,train
4088,fb-000210,validation
4089,fb-018303,validation
4090,fb-017401,train
4091,fb-010951,train
4092,fb-009691,train
4093,fb-006550,train
4094,fb-012383,validation
4095,fb-015868,test
4096,fb-008991,validation
4097,fb-015723,train
4098,fb-019084,train
4099,fb-013437,test
4100,fb-016945,train
4101,fb-009518,train
4102,fb-018107,train
4103,fb-004060,train
4104,fb-004340,validation
4105,fb-018708,train
4106,fb-019816,test
4107,fb-003504,train
4108,fb-008065,train
4109,fb-010638,train
4110,fb-015086,validation
4111,fb-003007,test
4112,fb-017839,train
4113,fb-007302,train
4114,fb-004547,train
4115,fb-012820,train
4116,fb-002127,validation
4117,fb-008602,train
4118,fb-014286,train
4119,fb-010546,train
4120,fb-008941,validation
4121,fb-013011,train
4122,fb-016373,train
4123,fb-004177,train
4124,fb-008656,train
4125,fb-004175,validation
4126,fb-010958,train
4127,fb-013436,test
4128,fb-000381,train
4129,fb-010826,train
4130,fb-002213,train
4131,fb-016103,train
4132,fb-006227,test
4133,fb-008240,train
4134,fb-002466,train
4135,fb-017535,train
4136,fb-004190,validation
4137,fb-012014,test
4138,fb-000988,train
4139,fb-003913,test
4140,fb-012809,validation
4141,fb-012939,validation
4142,fb-009883,train
4143,fb-017248,train
4144,fb-007765,train
4145,fb-014964,test
4146,fb-017977,train
4147,fb-002886,validation
4148,fb-013401,test
4149,fb-007461,train
4150,fb-011972,test
4151,fb-005496,train
4152,fb-002474,train
4153,fb-018013,validation
4154,fb-000580,train
4155,fb-003747,validation
4156,fb-014827,test
4157,fb-016692,train
4158,fb-017675,train
4159,fb-002709,train
4160,fb-002772,train
4161,fb-012064,test
4162,fb-008951,train
4163,fb-006867,test
4164,fb-018264,train
4165,fb-017490,train
4166,fb-012091,train
4167,fb-002334,train
4168,fb-017060,train
4169,fb-010801,train
4170,fb-001884,test
4171,fb-017606,train
4172,fb-017627,validation
4173,fb-002641,train
4174,fb-011561,train
4175,fb-012549,train
4176,fb-008412,train
4177,fb-008641,train
4178,fb-013143,train
4179,fb-008777,train
4180,fb-007740,train
4181,fb-003054,train
4182,fb-007234,train
4183,fb-000995,test
4184,fb-010613,train
4185,fb-010417,train
4186,fb-001709,validation
4187,fb-000264,validation
4188,fb-019557,test
4189,fb-012166,train
4190,fb-006915,train
4191,fb-017051,train
4192,fb-011559,train
4193,fb-008956,train
4194,fb-011807,train
4195,fb-004197,test
4196,fb-002728,train
4197,fb-016344,test
4198,fb-017475,train
4199,fb-009588,validation
4200,fb-010680,train
4201,fb-008198,validation
4202,fb-011063,train
4203,fb-002767,train
4204,fb-011384,test
4205,fb-016740,train
4206,fb-008434,test
4207,fb-007220,train
4208,fb-000992,train
4209,fb-010224,test
4210,fb-008163,test
4211,fb-003717,train
4212,fb-008812,train
4213,fb-010089,train
4214,fb-002351,train
4215,fb-017758,train
4216,fb-003232,train
4217,fb-001454,validation
4218,fb-014873,train
4219,fb-015014,validation
4220,fb-001829,train
4221,fb-003934,train
4222,fb-017756,train
4223,fb-008299,train
4224,fb-003888,validation
4225,fb-012906,train
4226,fb-003585,test
4227,fb-013015,test
4228,fb-000426,train
4229,fb-006692,train
4230,fb-003538,validation
4231,fb-010392,train
4232,fb-010886,test
4233,fb-017499,test
4234,fb-019618,test
4235,fb-010455,train
4236,fb-018011,train
4237,fb-003055,train
4238,fb-002829,train
4239,fb-002925,train
4240,fb-012223,validation
4241,fb-011036,test
4242,fb-002808,train
4243,fb-008879,train
4244,fb-017140,train
4245,fb-009081,validation
4246,fb-010332,train
4247,fb-002989,train
4248,fb-012755,train
4249,fb-011890,train
4250,fb-010149,train
4251,fb-003031,test
4252,fb-008342,train
4253,fb-012080,train
4254,fb-005057,test
4255,fb-010916,train
4256,fb-006103,train
4257,fb-001100,train
4258,fb-008375,train
4259,fb-016949,validation
4260,fb-000056,validation
4261,fb-009372,train
4262,fb-010711,train
4263,fb-018186,train
4264,fb-002626,train
4265,fb-018234,train
4266,fb-013598,train
4267,fb-015351,train
4268,fb-012443,train
4269,fb-007392,train
4270,fb-003787,validation
4271,fb-011560,train
4272,fb-010473,train
4273,fb-013439,validation
4274,fb-008998,train
4275,fb-002983,validation
4276,fb-018333,validation
4277,fb-003541,train
4278,fb-017718,train
4279,fb-012545,validation
4280,fb-003359,train
4281,fb-007593,train
4282,fb-017397,train
4283,fb-006928,train
4284,fb-000107,train
4285,fb-003102,train
4286,fb-009973,test
4287,fb-001951,test
4288,fb-003928,validation
4289,fb-019568,train
4290,fb-008831,train
4291,fb-007562,train
4292,fb-011307,validation
4293,fb-019770,train
4294,fb-019731,validation
4295,fb-013815,validation
4296,fb-017215,train
4297,fb-007172,train
4298,fb-018499,train
4299,fb-008737,train
4300,fb-017506,validation
4301,fb-002443,train
4302,fb-000192,train
4303,fb-008653,test
4304,fb-002433,test
4305,fb-009313,test
4306,fb-017331,train
4307,fb-018379,train
4308,fb-009097,train
4309,fb-008912,train
4310,fb-018767,train
4311,fb-002559,validation
4312,fb-008452,validation
4313,fb-002553,train
4314,fb-003936,train
4315,fb-017813,train
4316,fb-000975,test
4317,fb-011222,train
4318,fb-010043,train
4319,fb-012960,train
4320,fb-006361,train
4321,fb-008666,train
4322,fb-008531,train
4323,fb-011348,train
4324,fb-015736,validation
4325,fb-003791,train
4326,fb-010920,test
4327,fb-008772,train
4328,fb-010915,validation
4329,fb-002508,train
4330,fb-008929,train
4331,fb-010056,train
4332,fb-017525,validation
4333,fb-009643,validation
4334,fb-013589,train
4335,fb-011750,test
4336,fb-010474,train
4337,fb-012318,train
4338,fb-014712,validation
4339,fb-018768,train
4340,fb-016960,train
4341,fb-010837,validation
4342,fb-013086,test
4343,fb-003422,train
4344,fb-012548,test
4345,fb-009860,test
4346,fb-004231,train
4347,fb-000927,train
4348,fb-018341,train
4349,fb-002950,validation
4350,fb-018031,validation
4351,fb-005867,train
4352,fb-008645,validation
4353,fb-000490,validation
4354,fb-012346,train
4355,fb-011608,train
4356,fb-015400,train
4357,fb-001410,train
4358,fb-016611,validation
4359,fb-017750,train
4360,fb-018265,test
4361,fb-000095,train
4362,fb-016412,validation
4363,fb-012329,validation
4364,fb-011188,train
4365,fb-009040,train
4366,fb-003293,train
4367,fb-014339,train
4368,fb-001233,validation
4369,fb-013575,train
4370,fb-011769,train
4371,fb-006120,train
4372,fb-018562,train
4373,fb-010912,train
4374,fb-018418,train
4375,fb-003846,validation
4376,fb-009768,test
4377,fb-011687,test
4378,fb-008244,train
4379,fb-008297,validation
4380,fb-015248,train
4381,fb-012265,validation
4382,fb-008206,train
4383,fb-001872,test
4384,fb-007394,test
4385,fb-017828,train
4386,fb-001725,test
4387,fb-018030,test
4388,fb-004783,train
4389,fb-000545,train
4390,fb-011722,train
4391,fb-003090,test
4392,fb-002922,test
4393,fb-018048,validation
4394,fb-005707,train
4395,fb-012565,train
4396,fb-012413,train
4397,fb-012987,train
4398,fb-010802,train
4399,fb-002745,train
4400,fb-009986,test
4401,fb-016807,test
4402,fb-017135,train
4403,fb-004412,train
4404,fb-001865,train
4405,fb-012609,test
4406,fb-002854,train
4407,fb-012087,train
4408,fb-002677,train
4409,fb-011545,train
4410,fb-013938,train
4411,fb-006782,validation
4412,fb-008583,train
4413,fb-013114,validation
4414,fb-002136,train
4415,fb-018550,train
4416,fb-016087,validation
4417,fb-008150,train
4418,fb-007761,train
4419,fb-004073,train
4420,fb-017332,validation
4421,fb-013261,train
4422,fb-016472,validation
4423,fb-012283,train
4424,fb-001523,train
4425,fb-012084,train
4426,fb-011111,validation
4427,fb-017059,test
4428,fb-002892,train
4429,fb-005801,validation
4430,fb-005537,train
4431,fb-018207,train
4432,fb-012367,train
4433,fb-009239,validation
4434,fb-004118,train
4435,fb-000708,train
4436,fb-012157,train
4437,fb-000345,train
4438,fb-017792,train
4439,fb-000695,train
4440,fb-008309,train
4441,fb-004037,train
4442,fb-015514,train
4443,fb-012006,train
4444,fb-003256,train
4445,fb-006048,train
4446,fb-015754,train
4447,fb-018932,train
4448,fb-002372,train
4449,fb-016346,train
4450,fb-011388,train
4451,fb-012105,train
4452,fb-011191,train
4453,fb-017277,train
4454,fb-002171,train
4455,fb-013727,validation
4456,fb-003879,validation
4457,fb-009807,train
4458,fb-014587,train
4459,fb-011180,validation
4460,fb-017383,train
4461,fb-016151,train
4462,fb-001927,train
4463,fb-012811,train
4464,fb-011861,train
4465,fb-013058,train
4466,fb-012403,train
4467,fb-009378,train
4468,fb-012758,validation
4469,fb-010554,train
4470,fb-011653,train
4471,fb-002912,train
4472,fb-012696,train
4473,fb-017565,validation
4474,fb-014407,train
4475,fb-014030,train
4476,fb-000920,test
4477,fb-018796,train
4478,fb-010796,validation
4479,fb-008509,train
4480,fb-002447,train
4481,fb-010640,train
4482,fb-003831,train
4483,fb-003143,train
4484,fb-010335,train
4485,fb-012876,train
4486,fb-009884,train
4487,fb-007182,validation
4488,fb-017853,train
4489,fb-010047,train
4490,fb-018935,train
4491,fb-004029,validation
4492,fb-003203,train
4493,fb-011509,train
4494,fb-006647,train
4495,fb-015323,train
4496,fb-018495,train
4497,fb-017982,train
4498,fb-011519,test
4499,fb-010037,train
4500,fb-011855,train
4501,fb-008631,train
4502,fb-005043,train
4503,fb-012013,validation
4504,fb-013588,train
4505,fb-007963,train
4506,fb-008151,train
4507,fb-004172,test
4508,fb-008091,test
4509,fb-017751,train
4510,fb-016985,validation
4511,fb-008776,train
4512,fb-005958,validation
4513,fb-018060,validation
4514,fb-018860,train
4515,fb-006542,train
4516,fb-006614,train
4517,fb-011232,test
4518,fb-004306,train
4519,fb-017463,train
4520,fb-018355,train
4521,fb-013477,train
4522,fb-018940,train
4523,fb-007328,train
4524,fb-008389,validation
4525,fb-009391,train
4526,fb-001873,train
4527,fb-009553,validation
4528,fb-011518,test
4529,fb-015839,train
4530,fb-003473,train
4531,fb-009556,train
4532,fb-004534,validation
4533,fb-008978,test
4534,fb-002995,test
4535,fb-011441,train
4536,fb-018067,train
4537,fb-010300,validation
4538,fb-013488,test
4539,fb-017253,train
4540,fb-008711,validation
4541,fb-010101,train
4542,fb-003315,train
4543,fb-005609,train
4544,fb-011611,train
4545,fb-002414,train
4546,fb-008494,validation
4547,fb-008296,train
4548,fb-002980,train
4549,fb-001104,train
4550,fb-011092,validation
4551,fb-000750,train
4552,fb-016592,train
4553,fb-019723,train
4554,fb-011584,train
4555,fb-008788,train
4556,fb-007288,train
4557,fb-002440,train
4558,fb-000881,train
4559,fb-008626,train
4560,fb-010835,train
4561,fb-011949,validation
4562,fb-009857,train
4563,fb-010807,test
4564,fb-008539,test
4565,fb-008361,validation
4566,fb-008184,train
4567,fb-009935,train
4568,fb-000870,train
4569,fb-016915,train
4570,fb-014134,test
4571,fb-015249,train
4572,fb-006062,train
4573,fb-003066,train
4574,fb-000129,train
4575,fb-010086,train
4576,fb-017204,train
4577,fb-010021,train
4578,fb-008225,train
4579,fb-018937,test
4580,fb-012366,train
4581,fb-014374,validation
4582,fb-007325,train
4583,fb-018633,train
4584,fb-008859,train
4585,fb-015978,train
4586,fb-010569,test
4587,fb-013499,train
4588,fb-006144,test
4589,fb-002730,train
4590,fb-017470,train
4591,fb-017728,train
4592,fb-008044,train
4593,fb-019253,test
4594,fb-001782,train
4595,fb-008830,train
4596,fb-012785,train
4597,fb-010154,train
4598,fb-008516,train
4599,fb-009432,train
4600,fb-008086,train
4601,fb-007075,train
4602,fb-000105,train
4603,fb-012911,train
4604,fb-008148,train
4605,fb-018626,train
4606,fb-006137,train
4607,fb-008372,test
4608,fb-006852,train
4609,fb-000247,train
4610,fb-012516,train
4611,fb-003043,train
4612,fb-010484,train
4613,fb-001528,train
4614,fb-009208,train
4615,fb-007305,train
4616,fb-003565,test
4617,fb-014922,train
4618,fb-000242,train
4619,fb-004265,validation
4620,fb-014639,test
4621,fb-018400,test
4622,fb-001194,validation
4623,fb-012375,train
4624,fb-017768,test
4625,fb-012416,train
4626,fb-003997,train
4627,fb-014461,validation
4628,fb-018368,train
4629,fb-001186,train
4630,fb-003693,validation
4631,fb-017703,test
4632,fb-015820,validation
4633,fb-002775,train
4634,fb-000174,test
4635,fb-012985,train
4636,fb-008018,train
4637,fb-008570,validation
4638,fb-000323,train
4639,fb-009692,test
4640,fb-010261,validation
4641,fb-001077,train
4642,fb-011088,train
4643,fb-009638,train
4644,fb-003433,train
4645,fb-010070,train
4646,fb-008085,train
4647,fb-003668,train
4648,fb-015451,test
4649,fb-013559,train
4650,fb-011330,test
4651,fb-002957,train
4652,fb-015137,train
4653,fb-011738,train
4654,fb-002489,validation
4655,fb-011413,train
4656,fb-003361,train
4657,fb-006758,test
4658,fb-002478,train
4659,fb-018375,test
4660,fb-011460,validation
4661,fb-010584,test
4662,fb-003104,train
4663,fb-001607,test
4664,fb-002964,validation
4665,fb-012912,train
4666,fb-000101,train
4667,fb-003221,train
4668,fb-007227,train
4669,fb-010966,validation
4670,fb-008195,train
4671,fb-011220,train
4672,fb-011841,validation
4673,fb-009579,train
4674,fb-009948,train
4675,fb-015927,train
4676,fb-014413,train
4677,fb-008608,test
4678,fb-005797,validation
4679,fb-012460,train
4680,fb-003947,test
4681,fb-011906,train
4682,fb-010131,validation
4683,fb-004400,test
4684,fb-008527,train
4685,fb-008781,train
4686,fb-006455,train
4687,fb-011476,train
4688,fb-007139,test
4689,fb-002858,test
4690,fb-010127,test
4691,fb-002575,train
4692,fb-011581,train
4693,fb-011224,train
4694,fb-009015,train
4695,fb-011784,validation
4696,fb-012016,train
4697,fb-001251,train
4698,fb-009821,train
4699,fb-010670,train
4700,fb-007248,validation
4701,fb-004517,train
4702,fb-015953,train
4703,fb-015379,test
4704,fb-009621,train
4705,fb-001699,train
4706,fb-012788,train
4707,fb-011555,train
4708,fb-011568,train
4709,fb-004696,train
4710,fb-018171,train
4711,fb-004038,train
4712,fb-010943,train
4713,fb-001800,train
4714,fb-010544,train
4715,fb-018062,train
4716,fb-007756,train
4717,fb-011775,train
4718,fb-009104,train
4719,fb-009324,train
4720,fb-004187,train
4721,fb-006660,train
4722,fb-003019,train
4723,fb-009898,validation
4724,fb-010085,validation
4725,fb-008215,train
4726,fb-010581,train
4727,fb-002842,train
4728,fb-006757,train
4729,fb-010933,train
4730,fb-013476,train
4731,fb-012297,test
4732,fb-008489,train
4733,fb-003494,validation
4734,fb-000815,train
4735,fb-002722,train
4736,fb-017980,validation
4737,fb-016063,validation
4738,fb-002423,test
4739,fb-003710,test
4740,fb-009093,train
4741,fb-002157,train
4742,fb-003270,train
4743,fb-017053,train
4744,fb-011378,train
4745,fb-001446,train
4746,fb-002963,train
4747,fb-002211,train
4748,fb-002323,test
4749,fb-011983,validation
4750,fb-015781,train
4751,fb-001138,test
4752,fb-012089,validation
4753,fb-012057,train
4754,fb-019508,train
4755,fb-011151,train
4756,fb-010786,train
4757,fb-018007,train
4758,fb-010724,train
4759,fb-002265,train
4760,fb-012051,validation
4761,fb-012585,train
4762,fb-019196,validation
4763,fb-001799,train
4764,fb-014844,train
4765,fb-011024,train
4766,fb-017504,train
4767,fb-011607,train
4768,fb-012951,train
4769,fb-017343,train
4770,fb-002159,train
4771,fb-017452,train
4772,fb-017950,train
4773,fb-011492,train
4774,fb-003483,train
4775,fb-002879,test
4776,fb-017061,train
4777,fb-010751,train
4778,fb-017761,train
4779,fb-018275,train
4780,fb-011199,train
4781,fb-010841,train
4782,fb-003621,train
4783,fb-011246,test
4784,fb-018140,train
4785,fb-009709,test
4786,fb-002387,test
4787,fb-011310,train
4788,fb-006886,train
4789,fb-009514,train
4790,fb-003568,train
4791,fb-017577,validation
4792,fb-017683,test
4793,fb-013160,train
4794,fb-017487,train
4795,fb-013377,train
4796,fb-018612,validation
4797,fb-015114,test
4798,fb-008591,train
4799,fb-008421,train
4800,fb-010197,train
4801,fb-008436,train
4802,fb-011298,train
4803,fb-012991,train
4804,fb-010050,train
4805,fb-003039,train
4806,fb-003550,validation
4807,fb-016208,train
4808,fb-002599,train
4809,fb-001962,train
4810,fb-008081,validation
4811,fb-012215,train
4812,fb-010948,test
4813,fb-001047,train
4814,fb-009613,test
4815,fb-018086,train
4816,fb-002460,train
4817,fb-000407,train
4818,fb-009265,test
4819,fb-001561,train
4820,fb-006470,test
4821,fb-012330,train
4822,fb-018180,train
4823,fb-001584,test
4824,fb-010194,train
4825,fb-012293,test
4826,fb-017990,train
4827,fb-017114,train
4828,fb-001769,train
4829,fb-001874,test
4830,fb-012819,validation
4831,fb-009422,train
4832,fb-012790,train
4833,fb-001785,train
4834,fb-011679,validation
4835,fb-009711,train
4836,fb-009842,test
4837,fb-017595,validation
4838,fb-008675,test
4839,fb-000786,train
4840,fb-002308,train
4841,fb-003284,train
4842,fb-017916,train
4843,fb-010732,validation
4844,fb-016010,validation
4845,fb-011004,train
4846,fb-009487,train
4847,fb-003943,train
4848,fb-011927,train
4849,fb-002948,train
4850,fb-011490,test
4851,fb-012940,train
4852,fb-006217,train
4853,fb-001838,train
4854,fb-011031,validation
4855,fb-014526,test
4856,fb-000233,train
4857,fb-008253,train
4858,fb-015799,train
4859,fb-009510,train
4860,fb-016865,test
4861,fb-009889,train
4862,fb-014751,train
4863,fb-000318,validation
4864,fb-002587,train
4865,fb-010296,train
4866,fb-000335,test
4867,fb-003116,train
4868,fb-013144,train
4869,fb-000527,test
4870,fb-012015,train
4871,fb-009376,train
4872,fb-001328,test
4873,fb-015207,validation
4874,fb-015150,validation
4875,fb-010006,train
4876,fb-003582,train
4877,fb-009338,train
4878,fb-011867,validation
4879,fb-006319,validation
4880,fb-001841,train
4881,fb-017173,train
4882,fb-010242,train
4883,fb-011945,train
4884,fb-009492,train
4885,fb-012228,train
4886,fb-008368,train
4887,fb-003105,test
4888,fb-008931,test
4889,fb-009806,train
4890,fb-008435,train
4891,fb-010523,train
4892,fb-007848,train
4893,fb-004194,train
4894,fb-000603,train
4895,fb-019575,train
4896,fb-007938,train
4897,fb-005425,train
4898,fb-016736,validation
4899,fb-003749,validation
4900,fb-012004,train
4901,fb-018199,train
4902,fb-000866,test
4903,fb-007968,train
4904,fb-007967,train
4905,fb-005402,train
4906,fb-011966,train
4907,fb-009831,test
4908,fb-011353,validation
4909,fb-002617,validation
4910,fb-014306,validation
4911,fb-003088,train
4912,fb-011345,validation
4913,fb-011442,train
4914,fb-001598,test
4915,fb-017961,train
4916,fb-011447,validation
4917,fb-002571,train
4918,fb-013483,validation
4919,fb-010080,train
4920,fb-011943,train
4921,fb-002114,train
4922,fb-015955,validation
4923,fb-017705,train
4924,fb-018799,train
4925,fb-015891,validation
4926,fb-003369,train
4927,fb-010552,train
4928,fb-008937,test
4929,fb-012281,train
4930,fb-010265,train
4931,fb-005612,validation
4932,fb-008637,validation
4933,fb-009348,train
4934,fb-011421,test
4935,fb-010997,train
4936,fb-008674,train
4937,fb-011554,train
4938,fb-017254,train
4939,fb-012374,train
4940,fb-003014,test
4941,fb-017783,train
4942,fb-009979,train
4943,fb-017138,train
4944,fb-010806,train
4945,fb-017077,train
4946,fb-017376,train
4947,fb-004610,train
4948,fb-019838,train
4949,fb-008801,train
4950,fb-004479,train
4951,fb-001960,train
4952,fb-008596,train
4953,fb-003778,train
4954,fb-011415,train
4955,fb-010466,validation
4956,fb-003344,train
4957,fb-006512,test
4958,fb-018831,train
4959,fb-006385,train
4960,fb-017855,train
4961,fb-006832,train
4962,fb-002594,train
4963,fb-002637,train
4964,fb-008567,test
4965,fb-010019,test
4966,fb-017276,train
4967,fb-011473,train
4968,fb-008640,train
4969,fb-017029,validation
4970,fb-002294,train
4971,fb-003122,train
4972,fb-003388,train
4973,fb-003682,train
4974,fb-010576,train
4975,fb-001079,train
4976,fb-015115,train
4977,fb-001844,train
4978,fb-013723,train
4979,fb-002787,train
4980,fb-005817,train
4981,fb-004662,train
4982,fb-015405,train
4983,fb-004461,train
4984,fb-012505,test
4985,fb-018699,train
4986,fb-012200,train
4987,fb-003157,train
4988,fb-008702,train
4989,fb-008673,test
4990,fb-009992,validation
4991,fb-013194,train
4992,fb-000928,validation
4993,fb-015500,train
4994,fb-016969,train
4995,fb-003398,train
4996,fb-012538,train
4997,fb-002119,train
4998,fb-018327,train
4999,fb-013021,validation
5000,fb-015735,test
5001,fb-012561,validation
5002,fb-005896,train
5003,fb-011216,train
5004,fb-018116,train
5005,fb-007557,test
5006,fb-000663,train
5007,fb-004206,train
5008,fb-013517,validation
5009,fb-002965,train
5010,fb-002960,train
5011,fb-017645,train
5012,fb-017258,train
5013,fb-007534,train
5014,fb-009542,test
5015,fb-005368,train
5016,fb-011021,train
5017,fb-007536,train
5018,fb-013423,train
5019,fb-015143,train
5020,fb-003000,train
5021,fb-002882,train
5022,fb-001805,train
5023,fb-007415,train
5024,fb-009782,validation
5025,fb-003871,train
5026,fb-004810,validation
5027,fb-002593,validation
5028,fb-003252,test
5029,fb-010259,train
5030,fb-014257,train
5031,fb-002978,validation
5032,fb-012078,train
5033,fb-012099,train
5034,fb-016683,validation
5035,fb-015628,train
5036,fb-013424,test
5037,fb-017652,train
5038,fb-005321,test
5039,fb-002973,train
5040,fb-004267,train
5041,fb-003436,train
5042,fb-010342,train
5043,fb-005068,train
5044,fb-002966,test
5045,fb-008381,train
5046,fb-008428,train
5047,fb-012449,train
5048,fb-008905,train
5049,fb-009606,train
5050,fb-009160,train
5051,fb-001280,train
5052,fb-003338,train
5053,fb-017068,train
5054,fb-012670,train
5055,fb-018211,train
5056,fb-007236,train
5057,fb-003958,train
5058,fb-018346,train
5059,fb-010167,train
5060,fb-003769,train
5061,fb-001648,train
5062,fb-001922,train
5063,fb-018636,test
5064,fb-003551,test
5065,fb-018051,train
5066,fb-002421,test
5067,fb-007922,test
5068,fb-009060,train
5069,fb-009063,train
5070,fb-008251,validation
5071,fb-014137,train
5072,fb-002049,validation
5073,fb-010762,train
5074,fb-013409,validation
5075,fb-012487,train
5076,fb-000106,train
5077,fb-008881,train
5078,fb-004349,train
5079,fb-004210,train
5080,fb-003165,test
5081,fb-014887,test
5082,fb-017392,train
5083,fb-013173,test
5084,fb-004179,train
5085,fb-009008,train
5086,fb-013946,validation
5087,fb-009006,train
5088,fb-015642,validation
5089,fb-015895,train
5090,fb-008699,train
5091,fb-012070,train
5092,fb-009994,validation
5093,fb-005949,train
5094,fb-011289,test
5095,fb-000743,train
5096,fb-016521,train
5097,fb-015870,train
5098,fb-010753,train
5099,fb-010330,train
5100,fb-008728,train
5101,fb-012999,train
5102,fb-017782,train
5103,fb-016706,train
5104,fb-006239,train
5105,fb-004079,train
5106,fb-016222,train
5107,fb-003148,validation
5108,fb-017810,validation
5109,fb-017144,train
5110,fb-004128,train
5111,fb-018308,validation
5112,fb-009274,train
5113,fb-013561,train
5114,fb-002653,train
5115,fb-017102,validation
5116,fb-001445,test
5117,fb-002723,train
5118,fb-015835,train
5119,fb-003169,train
5120,fb-012838,train
5121,fb-014012,train
5122,fb-012033,train
5123,fb-016997,test
5124,fb-019464,train
5125,fb-008117,validation
5126,fb-017006,validation
5127,fb-017221,train
5128,fb-018712,train
5129,fb-017623,validation
5130,fb-000981,test
5131,fb-002607,test
5132,fb-010840,validation
5133,fb-000539,train
5134,fb-015637,train
5135,fb-011332,train
5136,fb-008713,train
5137,fb-009941,train
5138,fb-018098,test
5139,fb-011864,train
5140,fb-000883,train
5141,fb-009119,validation
5142,fb-004708,train
5143,fb-016961,test
5144,fb-010833,train
5145,fb-002411,train
5146,fb-011241,train
5147,fb-014344,train
5148,fb-000801,validation
5149,fb-018252,train
5150,fb-017822,train
5151,fb-003030,validation
5152,fb-015531,train
5153,fb-009527,validation
5154,fb-005708,train
5155,fb-011427,train
5156,fb-009797,train
5157,fb-001877,train
5158,fb-010731,train
5159,fb-008191,train
5160,fb-003283,train
5161,fb-008279,train
5162,fb-019241,validation
5163,fb-012894,train
5164,fb-000879,train
5165,fb-009072,train
5166,fb-000281,test
5167,fb-011032,train
5168,fb-017211,train
5169,fb-018710,test
5170,fb-011967,test
5171,fb-009280,train
5172,fb-018174,validation
5173,fb-009707,train
5174,fb-019160,test
5175,fb-014628,train
5176,fb-002835,test
5177,fb-008415,test
5178,fb-008313,test
5179,fb-011856,test
5180,fb-001212,train
5181,fb-001856,train
5182,fb-009865,train
5183,fb-009062,train
5184,fb-001845,train
5185,fb-017285,train
5186,fb-010459,train
5187,fb-009805,test
5188,fb-004013,test
5189,fb-009747,train
5190,fb-015393,train
5191,fb-015281,train
5192,fb-012251,train
5193,fb-017601,validation
5194,fb-011343,train
5195,fb-003634,train
5196,fb-017157,train
5197,fb-017618,train
5198,fb-009868,train
5199,fb-007426,train
5200,fb-009179,validation
5201,fb-009845,train
5202,fb-006113,train
5203,fb-009647,train
5204,fb-017786,train
5205,fb-010747,train
5206,fb-015059,validation
5207,fb-012934,train
5208,fb-003029,train
5209,fb-000487,test
5210,fb-013375,validation
5211,fb-008482,test
5212,fb-008373,train
5213,fb-016448,train
5214,fb-009216,train
5215,fb-012604,test
5216,fb-004280,train
5217,fb-011897,validation
5218,fb-011874,validation
5219,fb-006191,test
5220,fb-012661,train
5221,fb-009914,train
5222,fb-015259,test
5223,fb-011228,validation
5224,fb-011924,validation
5225,fb-013586,train
5226,fb-013060,validation
5227,fb-008889,test
5228,fb-010583,train
5229,fb-008601,test
5230,fb-014496,train
5231,fb-011683,train
5232,fb-000175,test
5233,fb-003573,train
5234,fb-005744,train
5235,fb-016824,train
5236,fb-010855,train
5237,fb-011578,test
5238,fb-016033,test
5239,fb-018161,train
5240,fb-000620,train
5241,fb-009092,test
5242,fb-012728,train
5243,fb-001956,test
5244,fb-006974,train
5245,fb-007435,train
5246,fb-007337,train
5247,fb-010836,train
5248,fb-003695,train
5249,fb-013785,train
5250,fb-003242,train
5251,fb-009854,train
5252,fb-005551,test
5253,fb-008993,train
5254,fb-011884,train
5255,fb-011127,test
5256,fb-018382,validation
5257,fb-017858,train
5258,fb-019444,train
5259,fb-003371,train
5260,fb-017649,train
5261,fb-016668,test
5262,fb-003730,train
5263,fb-003528,train
5264,fb-000885,train
5265,fb-017709,test
5266,fb-008304,train
5267,fb-007284,train
5268,fb-008739,train
5269,fb-010599,test
5270,fb-006844,train
5271,fb-011229,train
5272,fb-008698,train
5273,fb-009549,validation
5274,fb-019135,validation
5275,fb-009701,validation
5276,fb-008845,train
5277,fb-000419,train
5278,fb-013530,train
5279,fb-001321,train
5280,fb-008842,train
5281,fb-012471,train
5282,fb-000379,train
5283,fb-008687,train
5284,fb-009111,train
5285,fb-003357,validation
5286,fb-005265,train
5287,fb-017080,train
5288,fb-010295,test
5289,fb-017770,validation
5290,fb-015498,train
5291,fb-017829,train
5292,fb-008303,train
5293,fb-005285,train
5294,fb-009597,train
5295,fb-003214,train
5296,fb-004251,validation
5297,fb-012558,train
5298,fb-008660,validation
5299,fb-004589,validation
5300,fb-008904,train
5301,fb-001807,train
5302,fb-010123,train
5303,fb-003948,train
5304,fb-005583,test
5305,fb-002742,test
5306,fb-003393,test
5307,fb-010791,train
5308,fb-010445,train
5309,fb-008273,train
5310,fb-009210,train
5311,fb-008238,train
5312,fb-009172,test
5313,fb-011756,train
5314,fb-001866,train
5315,fb-003549,train
5316,fb-002678,train
5317,fb-019136,test
5318,fb-017762,validation
5319,fb-008317,train
5320,fb-001220,train
5321,fb-002449,train
5322,fb-016911,test
5323,fb-001281,train
5324,fb-001878,test
5325,fb-017774,validation
5326,fb-003275,validation
5327,fb-002221,train
5328,fb-002591,train
5329,fb-016975,train
5330,fb-011136,train
5331,fb-015449,train
5332,fb-017608,train
5333,fb-003112,test
5334,fb-019331,train
5335,fb-019112,train
5336,fb-018312,train
5337,fb-002000,train
5338,fb-011792,train
5339,fb-006621,validation
5340,fb-001917,train
5341,fb-017121,train
5342,fb-006465,train
5343,fb-008102,train
5344,fb-010125,validation
5345,fb-019634,train
5346,fb-017001,train
5347,fb-017340,train
5348,fb-017306,validation
5349,fb-018049,train
5350,fb-018100,train
5351,fb-010425,train
5352,fb-001756,train
5353,fb-011610,train
5354,fb-005587,test
5355,fb-010331,validation
5356,fb-001260,train
5357,fb-008146,train
5358,fb-011677,validation
5359,fb-014171,validation
5360,fb-012700,validation
5361,fb-010903,train
5362,fb-010970,train
5363,fb-010440,test
5364,fb-015590,train
5365,fb-003350,train
5366,fb-015552,validation
5367,fb-016661,train
5368,fb-012208,train
5369,fb-006236,train
5370,fb-017629,train
5371,fb-009725,validation
5372,fb-008399,test
5373,fb-011973,train
5374,fb-010620,train
5375,fb-009381,test
5376,fb-000524,train
5377,fb-000065,train
5378,fb-005812,train
5379,fb-009192,train
5380,fb-012641,train
5381,fb-010993,test
5382,fb-002266,validation
5383,fb-019582,train
5384,fb-013832,train
5385,fb-017654,validation
5386,fb-000410,train
5387,fb-009551,train
5388,fb-004004,validation
5389,fb-005100,train
5390,fb-011053,train
5391,fb-019239,train
5392,fb-008484,train
5393,fb-011287,train
5394,fb-008280,train
5395,fb-006595,train
5396,fb-013422,train
5397,fb-006266,train
5398,fb-009772,train
5399,fb-004850,train
5400,fb-018658,train
5401,fb-011524,train
5402,fb-005881,validation
5403,fb-009137,validation
5404,fb-010894,validation
5405,fb-014798,train
5406,fb-011372,train
5407,fb-016194,train
5408,fb-012862,validation
5409,fb-016483,train
5410,fb-018193,train
5411,fb-002806,train
5412,fb-011393,train
5413,fb-004199,train
5414,fb-002371,train
5415,fb-011744,train
5416,fb-008766,validation
5417,fb-010351,test
5418,fb-014679,train
5419,fb-012343,train
5420,fb-004255,train
5421,fb-004166,test
5422,fb-003222,train
5423,fb-004334,train
5424,fb-003179,train
5425,fb-012271,train
5426,fb-007521,train
5427,fb-003139,train
5428,fb-005700,test
5429,fb-001569,validation
5430,fb-017303,train
5431,fb-009574,train
5432,fb-012866,train
5433,fb-003535,test
5434,fb-014441,train
5435,fb-016195,train
5436,fb-013441,train
5437,fb-012397,train
5438,fb-017496,test
5439,fb-012922,train
5440,fb-003224,train
5441,fb-014644,test
5442,fb-002525,validation
5443,fb-012703,train
5444,fb-003699,validation
5445,fb-004352,test
5446,fb-010163,train
5447,fb-006578,train
5448,fb-012914,train
5449,fb-014794,test
5450,fb-010439,train
5451,fb-014714,validation
5452,fb-017948,train
5453,fb-011551,validation
5454,fb-007054,train
5455,fb-008886,train
5456,fb-007519,validation
5457,fb-003457,test
5458,fb-000369,validation
5459,fb-011929,test
5460,fb-006179,train
5461,fb-009459,train
5462,fb-012711,validation
5463,fb-012162,train
5464,fb-001449,train
5465,fb-015140,test
5466,fb-004149,train
5467,fb-015707,train
5468,fb-007055,train
5469,fb-000880,test
5470,fb-003209,train
5471,fb-004889,train
5472,fb-000259,train
5473,fb-002746,train
5474,fb-019746,validation
5475,fb-009663,train
5476,fb-009069,train
5477,fb-006235,validation
5478,fb-001986,validation
5479,fb-012686,train
5480,fb-012238,validation
5481,fb-012903,train
5482,fb-005327,validation
5483,fb-010986,train
5484,fb-003515,train
5485,fb-013063,test
5486,fb-012119,train
5487,fb-011011,train
5488,fb-012757,validation
5489,fb-013597,train
5490,fb-003507,validation
5491,fb-010694,train
5492,fb-009695,train
5493,fb-000568,train
5494,fb-008544,validation
5495,fb-004631,test
5496,fb-013417,train
5497,fb-003631,train
5498,fb-009906,train
5499,fb-018046,train
5500,fb-017571,test
5501,fb-017646,train
5502,fb-018153,train
5503,fb-010957,train
5504,fb-002630,test
5505,fb-000662,train
5506,fb-005920,validation
5507,fb-008226,train
5508,fb-008575,train
5509,fb-006516,train
5510,fb-000687,train
5511,fb-007365,train
5512,fb-000384,train
5513,fb-010051,train
5514,fb-013673,train
5515,fb-012880,train
5516,fb-016159,train
5517,fb-009479,validation
5518,fb-012674,train
5519,fb-001354,test
5520,fb-007999,validation
5521,fb-004173,train
5522,fb-002638,train
5523,fb-017030,train
5524,fb-013018,test
5525,fb-003965,train
5526,fb-012224,test
5527,fb-010539,test
5528,fb-012221,test
5529,fb-011544,train
5530,fb-015279,train
5531,fb-003277,train
5532,fb-011091,train
5533,fb-010559,test
5534,fb-012441,train
5535,fb-012499,train
5536,fb-012772,train
5537,fb-002864,test
5538,fb-001130,train
5539,fb-009174,train
5540,fb-003298,validation
5541,fb-004703,validation
5542,fb-010869,train
5543,fb-003813,train
5544,fb-011705,validation
5545,fb-018340,test
5546,fb-011652,train
5547,fb-011010,train
5548,fb-018497,train
5549,fb-002059,validation
5550,fb-017962,train
5551,fb-017730,validation
5552,fb-017315,train
5553,fb-017795,train
5554,fb-018213,train
5555,fb-004269,train
5556,fb-017669,train
5557,fb-009121,train
5558,fb-015560,validation
5559,fb-012741,train
5560,fb-017889,train
5561,fb-016930,train
5562,fb-004196,train
5563,fb-012273,train
5564,fb-014191,test
5565,fb-008039,train
5566,fb-008311,train
5567,fb-005238,train
5568,fb-002398,train
5569,fb-018401,test
5570,fb-014994,test
5571,fb-010494,train
5572,fb-012677,test
5573,fb-004785,train
5574,fb-014691,train
5575,fb-003611,train
5576,fb-016932,train
5577,fb-016922,train
5578,fb-019013,train
5579,fb-017913,test
5580,fb-011489,train
5581,fb-013943,train
5582,fb-005317,validation
5583,fb-011772,validation
5584,fb-010397,test
5585,fb-003666,train
5586,fb-004524,train
5587,fb-003526,train
5588,fb-002603,train
5589,fb-007695,train
5590,fb-014017,train
5591,fb-011877,train
5592,fb-017846,train
5593,fb-012980,train
5594,fb-010707,train
5595,fb-003963,test
5596,fb-000237,validation
5597,fb-003392,validation
5598,fb-004888,train
5599,fb-017426,validation
5600,fb-015883,train
5601,fb-005055,train
5602,fb-006367,train
5603,fb-013354,validation
5604,fb-006524,train
5605,fb-010000,train
5606,fb-012295,train
5607,fb-001037,train
5608,fb-001152,train
5609,fb-008582,validation
5610,fb-003064,train
5611,fb-005148,train
5612,fb-010708,train
5613,fb-001985,train
5614,fb-015540,test
5615,fb-017432,test
5616,fb-016579,train
5617,fb-003415,validation
5618,fb-005221,train
5619,fb-002608,train
5620,fb-015653,train
5621,fb-001968,train
5622,fb-017779,train
5623,fb-005849,train
5624,fb-016283,train
5625,fb-009316,train
5626,fb-012656,test
5627,fb-003732,train
5628,fb-010229,train
5629,fb-004941,validation
5630,fb-007603,train
5631,fb-011124,validation
5632,fb-019706,validation
5633,fb-010490,train
5634,fb-000908,train
5635,fb-017257,test
5636,fb-011596,test
5637,fb-009668,train
5638,fb-001395,train
5639,fb-000356,train
5640,fb-016978,train
5641,fb-010116,train
5642,fb-002620,train
5643,fb-017574,train
5644,fb-011184,train
5645,fb-010524,train
5646,fb-003194,train
5647,fb-019377,validation
5648,fb-007683,train
5649,fb-009454,train
5650,fb-006876,train
5651,fb-015443,test
5652,fb-001436,validation
5653,fb-009861,train
5654,fb-002667,train
5655,fb-013492,test
5656,fb-001893,validation
5657,fb-016939,validation
5658,fb-002476,train
5659,fb-008350,train
5660,fb-018250,validation
5661,fb-009523,validation
5662,fb-017128,test
5663,fb-012369,train
5664,fb-002779,validation
5665,fb-016588,test
5666,fb-012323,validation
5667,fb-011214,train
5668,fb-008580,train
5669,fb-001102,test
5670,fb-009769,train
5671,fb-008486,train
5672,fb-000906,test
5673,fb-011585,train
5674,fb-011317,train
5675,fb-011704,test
5676,fb-000900,train
5677,fb-016143,train
5678,fb-019323,train
5679,fb-015845,test
5680,fb-007520,train
5681,fb-000440,train
5682,fb-004044,train
5683,fb-009332,test
5684,fb-008897,validation
5685,fb-009869,test
5686,fb-010104,train
5687,fb-001999,train
5688,fb-017734,train
5689,fb-015665,train
5690,fb-010423,validation
5691,fb-001972,train
5692,fb-002424,train
5693,fb-013117,train
5694,fb-013050,validation
5695,fb-008354,train
5696,fb-011655,train
5697,fb-011482,validation
5698,fb-004829,test
5699,fb-008696,train
5700,fb-003760,train
5701,fb-005274,train
5702,fb-006324,train
5703,fb-014011,train
5704,fb-017234,train
5705,fb-007508,train
5706,fb-001492,train
5707,fb-008606,train
5708,fb-011553,train
5709,fb-001583,validation
5710,fb-003333,validation
5711,fb-018093,test
5712,fb-013386,train
5713,fb-014884,train
5714,fb-015480,train
5715,fb-012409,test
5716,fb-011785,train
5717,fb-017637,test
5718,fb-016437,train
5719,fb-002435,test
5720,fb-011831,test
5721,fb-005961,train
5722,fb-014976,train
5723,fb-013893,test
5724,fb-008400,validation
5725,fb-010683,train
5726,fb-007747,train
5727,fb-011794,train
5728,fb-001126,train
5729,fb-000341,test
5730,fb-006302,train
5731,fb-001696,train
5732,fb-002044,train
5733,fb-012233,validation
5734,fb-003092,train
5735,fb-013472,train
5736,fb-017084,validation
5737,fb-011758,train
5738,fb-017235,train
5739,fb-013552,train
5740,fb-010529,test
5741,fb-010844,train
5742,fb-001274,validation
5743,fb-010185,train
5744,fb-002194,train
5745,fb-003546,train
5746,fb-009269,train
5747,fb-002885,test
5748,fb-003765,validation
5749,fb-001649,train
5750,fb-005848,train
5751,fb-002071,train
5752,fb-010234,train
5753,fb-013430,train
5754,fb-015357,train
5755,fb-019629,train
5756,fb-009899,train
5757,fb-008069,train
5758,fb-013501,test
5759,fb-001195,train
5760,fb-015011,test
5761,fb-009355,train
5762,fb-018984,train
5763,fb-002205,train
5764,fb-008703,train
5765,fb-009859,train
5766,fb-012181,train
5767,fb-015303,test
5768,fb-019759,validation
5769,fb-011200,test
5770,fb-006138,test
5771,fb-012185,train
5772,fb-016983,test
5773,fb-008942,test
5774,fb-003181,train
5775,fb-009546,train
5776,fb-017052,validation
5777,fb-007354,validation
5778,fb-000749,validation
5779,fb-012929,train
5780,fb-013489,train
5781,fb-010788,train
5782,fb-016935,test
5783,fb-011971,test
5784,fb-013282,validation
5785,fb-011030,train
5786,fb-014385,train
5787,fb-006546,train
5788,fb-012430,train
5789,fb-010899,test
5790,fb-005716,train
5791,fb-003280,test
5792,fb-006952,test
5793,fb-006682,validation
5794,fb-009753,validation
5795,fb-017769,validation
5796,fb-001937,train
5797,fb-012097,train
5798,fb-008213,test
5799,fb-003314,train
5800,fb-014174,test
5801,fb-012392,train
5802,fb-013572,test
5803,fb-012435,train
5804,fb-001562,train
5805,fb-007163,train
5806,fb-015756,train
5807,fb-006896,train
5808,fb-003755,train
5809,fb-003118,validation
5810,fb-008281,train
5811,fb-002486,train
5812,fb-005792,test
5813,fb-012695,train
5814,fb-012071,validation
5815,fb-008431,train
5816,fb-006778,train
5817,fb-015626,train
5818,fb-001942,train
5819,fb-010140,validation
5820,fb-007566,test
5821,fb-001330,train
5822,fb-012861,test
5823,fb-012446,train
5824,fb-002496,test
5825,fb-018545,train
5826,fb-019768,train
5827,fb-008158,train
5828,fb-010369,train
5829,fb-010671,train
5830,fb-017538,train
5831,fb-018603,train
5832,fb-008343,train
5833,fb-009328,train
5834,fb-009175,train
5835,fb-010872,train
5836,fb-002570,train
5837,fb-003556,train
5838,fb-016489,train
5839,fb-000675,validation
5840,fb-004003,train
5841,fb-012467,train
5842,fb-011523,train
5843,fb-002689,train
5844,fb-010401,train
5845,fb-008250,train
5846,fb-013570,validation
5847,fb-008907,train
5848,fb-001414,train
5849,fb-009801,train
5850,fb-002804,train
5851,fb-008761,train
5852,fb-003552,train
5853,fb-000915,train
5854,fb-008374,train
5855,fb-009343,train
5856,fb-006598,train
5857,fb-004273,test
5858,fb-017344,test
5859,fb-006575,train
5860,fb-003056,train
5861,fb-010015,train
5862,fb-019586,train
5863,fb-017047,train
5864,fb-012243,train
5865,fb-005669,train
5866,fb-009144,train
5867,fb-016788,train
5868,fb-018173,validation
5869,fb-017469,train
5870,fb-013056,train
5871,fb-012713,test
5872,fb-011723,train
5873,fb-011203,validation
5874,fb-017879,train
5875,fb-012969,test
5876,fb-004228,train
5877,fb-012517,test
5878,fb-003521,test
5879,fb-010682,validation
5880,fb-011621,train
5881,fb-014090,train
5882,fb-010038,train
5883,fb-009961,train
5884,fb-011186,train
5885,fb-013311,train
5886,fb-002889,train
5887,fb-009920,train
5888,fb-008967,train
5889,fb-008587,train
5890,fb-012112,train
5891,fb-003399,train
5892,fb-011347,train
5893,fb-004407,train
5894,fb-009004,test
5895,fb-014811,train
5896,fb-005565,test
5897,fb-004847,train
5898,fb-007158,train
5899,fb-001959,train
5900,fb-011263,test
5901,fb-003079,train
5902,fb-010712,train
5903,fb-002651,train
5904,fb-001848,train
5905,fb-009180,train
5906,fb-007251,test
5907,fb-006475,validation
5908,fb-009042,train
5909,fb-010160,train
5910,fb-011828,train
5911,fb-015407,train
5912,fb-009896,train
5913,fb-002494,train
5914,fb-009116,train
5915,fb-011558,train
5916,fb-012354,train
5917,fb-017993,train
5918,fb-007697,train
5919,fb-013291,train
5920,fb-016336,train
5921,fb-011304,train
5922,fb-002821,train
5923,fb-018121,test
5924,fb-002532,train
5925,fb-005979,train
5926,fb-017714,test
5927,fb-013057,train
5928,fb-019515,train
5929,fb-000269,train
5930,fb-014282,train
5931,fb-016881,train
5932,fb-001863,train
5933,fb-012286,train
5934,fb-003231,train
5935,fb-001921,train
5936,fb-001849,train
5937,fb-012034,train
5938,fb-006991,validation
5939,fb-010381,train
5940,fb-002168,train
5941,fb-017307,validation
5942,fb-011968,validation
5943,fb-008534,train
5944,fb-009041,train
5945,fb-012743,test
5946,fb-018432,validation
5947,fb-002378,train
5948,fb-011139,train
5949,fb-009471,train
5950,fb-018243,validation
5951,fb-003542,train
5952,fb-010537,validation
5953,fb-010592,train
5954,fb-011645,train
5955,fb-014480,validation
5956,fb-009631,train
5957,fb-012146,validation
5958,fb-012211,test
5959,fb-012284,train
5960,fb-005932,test
5961,fb-009187,train
5962,fb-009370,train
5963,fb-018176,train
5964,fb-009535,train
5965,fb-017752,train
5966,fb-006215,test
5967,fb-002780,train
5968,fb-009206,train
5969,fb-008778,test
5970,fb-011108,train
5971,fb-008545,validation
5972,fb-007484,test
5973,fb-011557,train
5974,fb-010585,test
5975,fb-010454,train
5976,fb-010909,train
5977,fb-001240,train
5978,fb-002339,train
5979,fb-018509,test
5980,fb-001854,train
5981,fb-000522,test
5982,fb-008261,train
5983,fb-015873,train
5984,fb-013916,train
5985,fb-017433,validation
5986,fb-002388,train
5987,fb-002196,train
5988,fb-013382,train
5989,fb-012693,validation
5990,fb-008610,train
5991,fb-004076,train
5992,fb-002210,validation
5993,fb-008542,train
5994,fb-011593,test
5995,fb-001748,train
5996,fb-002934,train
5997,fb-001847,test
5998,fb-017370,train
5999,fb-017935,validation
6000,fb-015245,train
6001,fb-008708,train
6002,fb-013606,train
6003,fb-004581,train
6004,fb-019773,test
6005,fb-018041,train
6006,fb-003373,test
6007,fb-017868,train
6008,fb-001160,train
6009,fb-012110,train
6010,fb-011801,train
6011,fb-003183,validation
6012,fb-018419,test
6013,fb-000529,train
6014,fb-011394,train
6015,fb-001766,validation
6016,fb-009853,train
6017,fb-003618,train
6018,fb-011258,test
6019,fb-003827,train
6020,fb-014801,train
6021,fb-015116,train
6022,fb-016339,train
6023,fb-017090,test
6024,fb-001031,train
6025,fb-018797,train
6026,fb-008648,validation
6027,fb-012255,train
6028,fb-019133,validation
6029,fb-019262,train
6030,fb-003159,train
6031,fb-014466,train
6032,fb-002404,train
6033,fb-013574,test
6034,fb-003870,train
6035,fb-008754,test
6036,fb-003945,validation
6037,fb-011399,test
6038,fb-012325,train
6039,fb-002477,train
6040,fb-004954,train
6041,fb-011169,train
6042,fb-009417,train
6043,fb-012282,train
6044,fb-008269,validation
6045,fb-013592,test
6046,fb-012036,train
6047,fb-010685,train
6048,fb-008862,train
6049,fb-018064,test
6050,fb-016443,train
6051,fb-005968,train
6052,fb-012148,train
6053,fb-018450,train
6054,fb-000723,train
6055,fb-017725,train
6056,fb-014390,train
6057,fb-013859,train
6058,fb-003563,train
6059,fb-002518,train
6060,fb-019095,test
6061,fb-002492,train
6062,fb-014524,train
6063,fb-008145,train
6064,fb-003211,test
6065,fb-008190,train
6066,fb-007752,test
6067,fb-005822,train
6068,fb-003823,train
6069,fb-010715,train
6070,fb-002526,validation
6071,fb-009249,train
6072,fb-019385,validation
6073,fb-000862,train
6074,fb-012179,test
6075,fb-018061,test
6076,fb-011714,train
6077,fb-016937,train
6078,fb-009993,test
6079,fb-003414,train
6080,fb-010324,train
6081,fb-012481,train
6082,fb-005856,train
6083,fb-003640,train
6084,fb-003017,test
6085,fb-007948,train
6086,fb-013022,train
6087,fb-002932,train
6088,fb-011853,validation
6089,fb-011693,train
6090,fb-012774,test
6091,fb-011218,train
6092,fb-017050,test
6093,fb-002768,train
6094,fb-007094,train
6095,fb-016298,test
6096,fb-006184,train
6097,fb-013794,train
6098,fb-012648,train
6099,fb-018954,train
6100,fb-019551,train
6101,fb-007687,validation
6102,fb-005077,train
6103,fb-010545,train
6104,fb-010566,test
6105,fb-008157,train
6106,fb-004170,train
6107,fb-011029,train
6108,fb-010654,train
6109,fb-008837,train
6110,fb-010378,train
6111,fb-012857,validation
6112,fb-001029,train
6113,fb-001487,train
6114,fb-012155,train
6115,fb-013378,train
6116,fb-002688,train
6117,fb-013629,train
6118,fb-015464,train
6119,fb-011549,train
6120,fb-010630,train
6121,fb-004425,train
6122,fb-013554,train
6123,fb-010787,train
6124,fb-002658,train
6125,fb-003355,train
6126,fb-009291,train
6127,fb-012497,train
6128,fb-002782,validation
6129,fb-011563,train
6130,fb-007379,train
6131,fb-011357,validation
6132,fb-008949,validation
6133,fb-001814,train
6134,fb-005339,train
6135,fb-008371,train
6136,fb-000939,train
6137,fb-017854,train
6138,fb-018504,train
6139,fb-004049,train
6140,fb-008072,train
6141,fb-009398,train
6142,fb-007679,train
6143,fb-002838,test
6144,fb-004155,validation
6145,fb-008136,train
6146,fb-012610,train
6147,fb-018621,train
6148,fb-009281,test
6149,fb-010159,train
6150,fb-000671,train
6151,fb-017562,validation
6152,fb-009939,validation
6153,fb-000706,train
6154,fb-008939,train
6155,fb-008122,validation
6156,fb-003774,train
6157,fb-018638,validation
6158,fb-012868,train
6159,fb-011292,train
6160,fb-013728,train
6161,fb-010126,train
6162,fb-013787,validation
6163,fb-012415,test
6164,fb-009298,train
6165,fb-000653,train
6166,fb-003583,validation
6167,fb-005470,validation
6168,fb-007774,train
6169,fb-009329,validation
6170,fb-017622,train
6171,fb-010431,train
6172,fb-006303,test
6173,fb-009618,validation
6174,fb-008518,train
6175,fb-008053,train
6176,fb-017019,train
6177,fb-002848,test
6178,fb-012401,train
6179,fb-017722,train
6180,fb-004259,train
6181,fb-012083,train
6182,fb-014903,train
6183,fb-018865,train
6184,fb-009257,train
6185,fb-003290,train
6186,fb-012783,train
6187,fb-006005,train
6188,fb-019150,train
6189,fb-012473,train
6190,fb-017448,validation
6191,fb-010456,train
6192,fb-017335,train
6193,fb-012459,test
6194,fb-016236,test
6195,fb-008712,train
6196,fb-008984,train
6197,fb-019543,train
6198,fb-010287,train
6199,fb-010478,train
6200,fb-019512,train
6201,fb-017105,train
6202,fb-005561,train
6203,fb-015410,train
6204,fb-003524,train
6205,fb-006777,train
6206,fb-018117,train
6207,fb-009167,train
6208,fb-011994,train
6209,fb-001418,train
6210,fb-009161,train
6211,fb-011057,train
6212,fb-002107,train
6213,fb-019204,train
6214,fb-010479,train
6215,fb-012483,train
6216,fb-008540,train
6217,fb-017799,test
6218,fb-011019,validation
6219,fb-011015,train
6220,fb-011113,train
6221,fb-015931,train
6222,fb-018826,train
6223,fb-003259,train
6224,fb-002343,train
6225,fb-012786,train
6226,fb-008546,test
6227,fb-001151,train
6228,fb-010254,test
6229,fb-001351,validation
6230,fb-004392,test
6231,fb-010549,train
6232,fb-002789,train
6233,fb-008807,validation
6234,fb-013403,train
6235,fb-010619,train
6236,fb-003982,train
6237,fb-012316,train
6238,fb-003341,validation
6239,fb-004354,test
6240,fb-010209,test
6241,fb-008243,train
6242,fb-017458,test
6243,fb-008819,train
6244,fb-011615,validation
6245,fb-005640,train
6246,fb-012398,train
6247,fb-012607,test
6248,fb-019359,train
6249,fb-006009,test
6250,fb-000389,test
6251,fb-015792,train
6252,fb-011935,test
6253,fb-014744,test
6254,fb-011360,train
6255,fb-009575,train
6256,fb-009665,train
6257,fb-009014,validation
6258,fb-002413,train
6259,fb-004227,train
6260,fb-004287,train
6261,fb-017041,test
6262,fb-010446,train
6263,fb-001069,train
6264,fb-018045,test
6265,fb-012504,test
6266,fb-003106,train
6267,fb-017179,test
6268,fb-010956,train
6269,fb-014619,validation
6270,fb-016738,train
6271,fb-009823,train
6272,fb-008365,train
6273,fb-016378,train
6274,fb-002699,validation
6275,fb-017217,train
6276,fb-012178,train
6277,fb-011646,train
6278,fb-010982,train
6279,fb-012169,train
6280,fb-003950,train
6281,fb-013582,train
6282,fb-001154,test
6283,fb-016360,validation
6284,fb-009140,validation
6285,fb-006021,train
6286,fb-010434,train
6287,fb-007375,train
6288,fb-017753,train
6289,fb-012508,train
6290,fb-003981,validation
6291,fb-009003,test
6292,fb-008786,train
6293,fb-001553,train
6294,fb-008364,train
6295,fb-003616,validation
6296,fb-001966,validation
6297,fb-018084,train
6298,fb-008805,train
6299,fb-001665,train
6300,fb-011873,train
6301,fb-012552,test
6302,fb-005508,train
6303,fb-008289,train
6304,fb-019839,train
6305,fb-019192,train
6306,fb-009109,train
6307,fb-013962,train
6308,fb-009951,train
6309,fb-002120,train
6310,fb-006111,train
6311,fb-018589,train
6312,fb-009600,validation
6313,fb-017218,train
6314,fb-001726,train
6315,fb-011437,train
6316,fb-011930,train
6317,fb-015524,train
6318,fb-008233,validation
6319,fb-003075,train
6320,fb-006365,test
6321,fb-006188,train
6322,fb-001624,train
6323,fb-008530,train
6324,fb-012660,train
6325,fb-009155,train
6326,fb-013539,train
6327,fb-008463,test
6328,fb-010421,train
6329,fb-008669,train
6330,fb-006734,train
6331,fb-017687,train
6332,fb-009653,train
6333,fb-009456,train
6334,fb-011448,test
6335,fb-011795,train
6336,fb-008821,train
6337,fb-009423,train
6338,fb-001173,test
6339,fb-010720,test
6340,fb-012472,validation
6341,fb-007438,train
6342,fb-003690,train
6343,fb-014136,train
6344,fb-015958,validation
6345,fb-000188,validation
6346,fb-017907,train
6347,fb-005440,test
6348,fb-009850,test
6349,fb-019091,validation
6350,fb-014795,train
6351,fb-012313,validation
6352,fb-001882,train
6353,fb-016908,train
6354,fb-003187,train
6355,fb-006723,train
6356,fb-010438,train
6357,fb-017356,test
6358,fb-002425,validation
6359,fb-010672,train
6360,fb-012474,train
6361,fb-004141,train
6362,fb-009074,test
6363,fb-011896,train
6364,fb-005400,train
6365,fb-009064,validation
6366,fb-015090,train
6367,fb-008554,train
6368,fb-002693,validation
6369,fb-017040,validation
6370,fb-017739,test
6371,fb-002039,test
6372,fb-002081,train
6373,fb-009525,test
6374,fb-002417,train
6375,fb-009628,train
6376,fb-009635,train
6377,fb-008707,test
6378,fb-011952,train
6379,fb-010763,test
6380,fb-009705,train
6381,fb-011405,train
6382,fb-012515,train
6383,fb-005899,train
6384,fb-001314,train
6385,fb-010766,train
6386,fb-011735,train
6387,fb-009020,train
6388,fb-013319,train
6389,fb-014403,train
6390,fb-003567,validation
6391,fb-004938,train
6392,fb-000649,train
6393,fb-006213,test
6394,fb-010746,validation
6395,fb-003262,validation
6396,fb-009764,train
6397,fb-008002,test
6398,fb-017362,train
6399,fb-002430,train
6400,fb-007175,validation
6401,fb-008301,test
6402,fb-011121,train
6403,fb-018345,train
6404,fb-003072,validation
6405,fb-009308,train
6406,fb-016476,train
6407,fb-017297,train
6408,fb-010257,train
6409,fb-018806,train
6410,fb-004266,train
6411,fb-015210,test
6412,fb-014867,train
6413,fb-000996,train
6414,fb-009778,train
6415,fb-019717,train
6416,fb-008746,train
6417,fb-004274,train
6418,fb-006608,train
6419,fb-012767,train
6420,fb-001719,train
6421,fb-002824,train
6422,fb-016467,train
6423,fb-003240,train
6424,fb-006984,train
6425,fb-012763,train
6426,fb-012608,validation
6427,fb-004952,train
6428,fb-016867,train
6429,fb-018523,train
6430,fb-011673,train
6431,fb-013001,train
6432,fb-019817,train
6433,fb-007610,train
6434,fb-001826,train
6435,fb-003340,validation
6436,fb-010350,train
6437,fb-012139,train
6438,fb-015222,train
6439,fb-002958,train
6440,fb-019748,train
6441,fb-006597,train
6442,fb-019822,train
6443,fb-000561,train
6444,fb-009407,train
6445,fb-006819,train
6446,fb-007279,train
6447,fb-008073,train
6448,fb-000183,validation
6449,fb-011512,test
6450,fb-005292,validation
6451,fb-009275,train
6452,fb-011834,validation
6453,fb-011535,train
6454,fb-010233,train
6455,fb-004975,train
6456,fb-018709,validation
6457,fb-003178,train
6458,fb-014311,train
6459,fb-010208,train
6460,fb-013314,train
6461,fb-005659,train
6462,fb-009327,train
6463,fb-000508,train
6464,fb-010597,train
6465,fb-011355,train
6466,fb-002755,train
6467,fb-008057,train
6468,fb-004078,train
6469,fb-003622,test
6470,fb-002998,train
6471,fb-010657,validation
6472,fb-003329,train
6473,fb-011664,train
6474,fb-002004,train
6475,fb-009139,train
6476,fb-019459,train
6477,fb-000876,train
6478,fb-016002,train
6479,fb-011804,train
6480,fb-016548,train
6481,fb-007599,test
6482,fb-002986,train
6483,fb-013438,train
6484,fb-009146,train
6485,fb-003163,test
6486,fb-009354,train
6487,fb-010860,train
6488,fb-000099,test
6489,fb-018390,train
6490,fb-012025,test
6491,fb-008505,test
6492,fb-009733,train
6493,fb-008950,validation
6494,fb-017745,test
6495,fb-008969,train
6496,fb-014668,train
6497,fb-017107,train
6498,fb-012002,train
6499,fb-003018,validation
6500,fb-014341,train
6501,fb-009048,validation
6502,fb-009748,train
6503,fb-017815,train
6504,fb-016450,train
6505,fb-018543,validation
6506,fb-003297,train
6507,fb-011404,test
6508,fb-011692,train
6509,fb-001957,test
6510,fb-009698,train
6511,fb-012197,test
6512,fb-017372,train
6513,fb-016967,train
6514,fb-003835,train
6515,fb-018282,train
6516,fb-012502,train
6517,fb-013953,train
6518,fb-016766,train
6519,fb-009785,test
6520,fb-002844,validation
6521,fb-016909,train
6522,fb-017255,train
6523,fb-007203,train
6524,fb-000887,train
6525,fb-004426,train
6526,fb-003127,train
6527,fb-001232,validation
6528,fb-009107,test
6529,fb-000791,train
6530,fb-013740,train
6531,fb-003968,validation
6532,fb-003130,train
6533,fb-005039,train
6534,fb-008318,train
6535,fb-009648,train
6536,fb-008894,train
6537,fb-015056,train
6538,fb-016383,train
6539,fb-008738,train
6540,fb-011395,test
6541,fb-013252,train
6542,fb-000932,train
6543,fb-017063,test
6544,fb-018244,train
6545,fb-003500,train
6546,fb-002896,train
6547,fb-012229,validation
6548,fb-005083,train
6549,fb-004270,train
6550,fb-003490,test
6551,fb-005667,train
6552,fb-002293,test
6553,fb-008926,test
6554,fb-017975,test
6555,fb-016175,train
6556,fb-017272,train
6557,fb-008344,validation
6558,fb-008843,train
6559,fb-008295,train
6560,fb-000909,validation
6561,fb-003166,train
6562,fb-003059,train
6563,fb-017688,train
6564,fb-007008,train
6565,fb-016124,train
6566,fb-009751,test
6567,fb-004109,train
6568,fb-008080,validation
6569,fb-019495,train
6570,fb-009077,train
6571,fb-004635,train
6572,fb-008440,train
6573,fb-008808,validation
6574,fb-007839,train
6575,fb-002972,train
6576,fb-015194,test
6577,fb-009985,train
6578,fb-000248,train
6579,fb-010687,train
6580,fb-015704,validation
6581,fb-004985,validation
6582,fb-011976,train
6583,fb-003236,train
6584,fb-012077,train
6585,fb-010797,test
6586,fb-014953,train
6587,fb-003456,train
6588,fb-011843,train
6589,fb-002705,train
6590,fb-000072,train
6591,fb-013212,train
6592,fb-019493,train
6593,fb-008328,train
6594,fb-009030,test
6595,fb-012813,train
6596,fb-003113,train
6597,fb-008467,validation
6598,fb-015875,validation
6599,fb-006017,train
6600,fb-016658,validation
6601,fb-001868,train
6602,fb-012519,train
6603,fb-010600,train
6604,fb-017956,train
6605,fb-018714,train
6606,fb-008791,train
6607,fb-009449,train
6608,fb-014307,train
6609,fb-007509,train
6610,fb-013429,train
6611,fb-010560,train
6612,fb-002375,train
6613,fb-013577,validation
6614,fb-010598,validation
6615,fb-009897,train
6616,fb-008501,train
6617,fb-002761,train
6618,fb-005353,validation
6619,fb-012745,train
6620,fb-009599,train
6621,fb-011911,validation
6622,fb-009796,validation
6623,fb-002853,validation
6624,fb-010496,train
6625,fb-016996,validation
6626,fb-006766,test
6627,fb-017677,train
6628,fb-018923,train
6629,fb-014630,validation
6630,fb-011002,train
6631,fb-001039,train
6632,fb-000047,train
6633,fb-012972,train
6634,fb-007980,test
6635,fb-012509,train
6636,fb-002860,train
6637,fb-008483,train
6638,fb-010937,validation
6639,fb-004544,validation
6640,fb-010902,train
6641,fb-011208,train
6642,fb-010645,validation
6643,fb-011788,train
6644,fb-009242,train
6645,fb-010191,validation
6646,fb-017430,train
6647,fb-009363,validation
6648,fb-010750,train
6649,fb-001984,train
6650,fb-010221,train
6651,fb-009353,test
6652,fb-011898,train
6653,fb-003309,train
6654,fb-008718,train
6655,fb-008986,validation
6656,fb-000358,train
6657,fb-010075,train
6658,fb-005322,test
6659,fb-010068,train
6660,fb-010574,train
6661,fb-009358,train
6662,fb-016199,train
6663,fb-013594,train
6664,fb-002578,validation
6665,fb-012454,train
6666,fb-010268,train
6667,fb-009983,train
6668,fb-013471,train
6669,fb-004474,train
6670,fb-017865,train
6671,fb-008459,train
6672,fb-011417,train
6673,fb-017970,train
6674,fb-016942,test
6675,fb-018913,train
6676,fb-001646,test
6677,fb-001230,train
6678,fb-008217,train
6679,fb-017374,train
6680,fb-019923,train
6681,fb-009761,train
6682,fb-003964,train
6683,fb-010543,train
6684,fb-008533,train
6685,fb-008768,train
6686,fb-005610,test
6687,fb-017759,train
6688,fb-000228,train
6689,fb-009614,train
6690,fb-018481,test
6691,fb-009780,train
6692,fb-008430,test
6693,fb-011128,validation
6694,fb-002324,test
6695,fb-016044,train
6696,fb-013944,train
6697,fb-001816,train
6698,fb-018302,validation
6699,fb-014996,train
6700,fb-017905,validation
6701,fb-003442,test
6702,fb-004772,test
6703,fb-012130,train
6704,fb-017302,train
6705,fb-012821,train
6706,fb-009777,train
6707,fb-012277,train
6708,fb-008634,train
6709,fb-000463,test
6710,fb-010210,train
6711,fb-004438,train
6712,fb-002811,test
6713,fb-018113,train
6714,fb-008765,train
6715,fb-010838,train
6716,fb-011591,train
6717,fb-014721,train
6718,fb-014371,train
6719,fb-008662,test
6720,fb-013474,train
6721,fb-005780,test
6722,fb-011907,train
6723,fb-003358,train
6724,fb-009129,train
6725,fb-008492,train
6726,fb-008204,train
6727,fb-013998,test
6728,fb-007312,test
6729,fb-003878,train
6730,fb-015039,test
6731,fb-008358,train
6732,fb-002420,train
6733,fb-003006,train
6734,fb-018573,test
6735,fb-007725,test
6736,fb-001438,train
6737,fb-010278,train
6738,fb-018414,train
6739,fb-016362,train
6740,fb-000504,test
6741,fb-006740,test
6742,fb-008730,train
6743,fb-009534,train
6744,fb-009846,train
6745,fb-008803,train
6746,fb-009829,train
6747,fb-014158,validation
6748,fb-011178,train
6749,fb-017076,train
6750,fb-008115,train
6751,fb-008384,test
6752,fb-011290,train
6753,fb-000541,train
6754,fb-003253,train
6755,fb-014399,train
6756,fb-011017,validation
6757,fb-012624,train
6758,fb-010062,validation
6759,fb-000377,train
6760,fb-009592,test
6761,fb-010593,train
6762,fb-001825,validation
6763,fb-017299,train
6764,fb-003021,train
6765,fb-008202,train
6766,fb-010884,train
6767,fb-003060,train
6768,fb-019335,train
6769,fb-008284,train
6770,fb-002017,test
6771,fb-015326,validation
6772,fb-009601,validation
6773,fb-003420,train
6774,fb-007232,train
6775,fb-015257,train
6776,fb-006745,train
6777,fb-019409,train
6778,fb-016561,validation
6779,fb-017862,train
6780,fb-001228,validation
6781,fb-017036,train
6782,fb-014896,train
6783,fb-008162,train
6784,fb-015436,train
6785,fb-015779,train
6786,fb-012520,train
6787,fb-001257,validation
6788,fb-008866,train
6789,fb-009050,validation
6790,fb-006535,train
6791,fb-005572,train
6792,fb-005845,train
6793,fb-005529,validation
6794,fb-010243,train
6795,fb-017181,train
6796,fb-002131,test
6797,fb-004736,validation
6798,fb-004192,train
6799,fb-002384,train
6800,fb-001682,train
6801,fb-004762,test
6802,fb-002467,train
6803,fb-001409,validation
6804,fb-017563,train
6805,fb-017296,train
6806,fb-009301,train
6807,fb-017500,train
6808,fb-001054,validation
6809,fb-013486,train
6810,fb-018158,train
6811,fb-001558,train
6812,fb-009382,train
6813,fb-012482,train
6814,fb-013769,train
6815,fb-009131,validation
6816,fb-015759,train
6817,fb-003712,train
6818,fb-012887,test
6819,fb-012832,validation
6820,fb-009447,train
6821,fb-011863,train
6822,fb-016276,test
6823,fb-002703,train
6824,fb-012692,train
6825,fb-010361,train
6826,fb-010157,train
6827,fb-009262,validation
6828,fb-002503,train
6829,fb-013412,train
6830,fb-008971,validation
6831,fb-008245,validation
6832,fb-018295,validation
6833,fb-008692,test
6834,fb-015142,train
6835,fb-017550,train
6836,fb-016557,validation
6837,fb-010568,train
6838,fb-010736,test
6839,fb-009380,train
6840,fb-014972,train
6841,fb-017695,train
6842,fb-017724,train
6843,fb-011501,train
6844,fb-004036,train
6845,fb-009052,train
6846,fb-003149,test
6847,fb-019497,train
6848,fb-011471,train
6849,fb-019350,train
6850,fb-001205,test
6851,fb-009430,train
6852,fb-000443,train
6853,fb-000073,train
6854,fb-015046,test
6855,fb-001081,train
6856,fb-000078,train
6857,fb-008726,test
6858,fb-011891,train
6859,fb-012183,train
6860,fb-011086,validation
6861,fb-009445,train
6862,fb-011160,train
6863,fb-009824,test
6864,fb-012950,test
6865,fb-011782,train
6866,fb-015135,train
6867,fb-013884,train
6868,fb-011885,validation
6869,fb-010122,train
6870,fb-012812,train
6871,fb-002923,train
6872,fb-011910,test
6873,fb-002228,train
6874,fb-015487,train
6875,fb-016944,train
6876,fb-012726,train
6877,fb-018924,train
6878,fb-000722,train
6879,fb-012260,train
6880,fb-008741,validation
6881,fb-001978,validation
6882,fb-011634,train
6883,fb-012000,train
6884,fb-019245,validation
6885,fb-005262,train
6886,fb-008075,train
6887,fb-009023,test
6888,fb-015600,test
6889,fb-008380,train
6890,fb-013520,train
6891,fb-009075,train
6892,fb-009039,test
6893,fb-003407,validation
6894,fb-011644,validation
6895,fb-018119,train
6896,fb-016452,test
6897,fb-017025,train
6898,fb-017116,train
6899,fb-012096,test
6900,fb-006716,train
6901,fb-012486,train
6902,fb-010011,test
6903,fb-016209,test
6904,fb-003108,train
6905,fb-008173,validation
6906,fb-014106,validation
6907,fb-013051,train
6908,fb-010226,test
6909,fb-010695,test
6910,fb-015314,train
6911,fb-014231,train
6912,fb-009183,train
6913,fb-014184,train
6914,fb-010375,test
6915,fb-017434,validation
6916,fb-002684,validation
6917,fb-003140,test
6918,fb-009333,train
6919,fb-018597,train
6920,fb-019120,train
6921,fb-018498,train
6922,fb-001852,test
6923,fb-003516,train
6924,fb-017887,train
6925,fb-000483,test
6926,fb-001325,train
6927,fb-009547,train
6928,fb-006559,train
6929,fb-002694,validation
6930,fb-012908,train
6931,fb-002875,test
6932,fb-000086,validation
6933,fb-013077,train
6934,fb-010134,train
6935,fb-017137,train
6936,fb-006539,train
6937,fb-017995,train
6938,fb-013511,train
6939,fb-010153,validation
6940,fb-014474,train
6941,fb-000669,train
6942,fb-010269,train
6943,fb-003957,train
6944,fb-000194,test
6945,fb-017170,train
6946,fb-001832,train
6947,fb-005226,train
6948,fb-004404,train
6949,fb-002285,train
6950,fb-014297,test
6951,fb-012845,train
6952,fb-012012,validation
6953,fb-015561,train
6954,fb-013254,test
6955,fb-004951,train
6956,fb-012426,train
6957,fb-016432,train
6958,fb-009763,train
6959,fb-004260,test
6960,fb-000913,train
6961,fb-008189,train
6962,fb-003794,train
6963,fb-012290,train
6964,fb-009234,train
6965,fb-015240,train
6966,fb-002628,train
6967,fb-008789,train
6968,fb-008131,test
6969,fb-014214,test
6970,fb-006274,train
6971,fb-012135,validation
6972,fb-002962,train
6973,fb-002303,train
6974,fb-012598,test
6975,fb-003867,validation
6976,fb-007218,test
6977,fb-012331,train
6978,fb-008138,validation
6979,fb-005434,validation
6980,fb-003581,train
6981,fb-013633,train
6982,fb-011562,test
6983,fb-015745,train
6984,fb-012129,train
6985,fb-013317,train
6986,fb-009419,train
6987,fb-008595,train
6988,fb-015629,train
6989,fb-003832,validation
6990,fb-008413,train
6991,fb-017472,train
6992,fb-008517,validation
6993,fb-018181,train
6994,fb-006631,validation
6995,fb-000807,train
6996,fb-007998,train
6997,fb-012935,test
6998,fb-018210,validation
6999,fb-010054,test
7000,fb-007037,train
7001,fb-012220,train
7002,fb-017680,train
7003,fb-007362,test
7004,fb-010854,train
7005,fb-006145,validation
7006,fb-019675,validation
7007,fb-008616,test
7008,fb-003740,train
7009,fb-011240,train
7010,fb-004983,train
7011,fb-018301,test
7012,fb-006318,train
7013,fb-015917,train
7014,fb-017942,train
7015,fb-002649,train
7016,fb-012917,train
7017,fb-018017,train
7018,fb-012992,train
7019,fb-015669,train
7020,fb-017960,train
7021,fb-007444,train
7022,fb-001551,train
7023,fb-012551,train
7024,fb-011528,train
7025,fb-018200,train
7026,fb-013397,train
7027,fb-011766,train
7028,fb-007706,train
7029,fb-009229,test
7030,fb-003816,train
7031,fb-008589,test
7032,fb-015466,train
7033,fb-003094,test
7034,fb-002200,train
7035,fb-003351,train
7036,fb-010319,train
7037,fb-013269,validation
7038,fb-008609,train
7039,fb-013550,train
7040,fb-012040,train
7041,fb-015821,train
7042,fb-006127,train
7043,fb-007820,train
7044,fb-008241,train
7045,fb-016772,train
7046,fb-014979,train
7047,fb-002419,train
7048,fb-017805,train
7049,fb-001172,validation
7050,fb-002737,train
7051,fb-010416,test
7052,fb-014177,train
7053,fb-009959,train
7054,fb-002562,train
7055,fb-009352,train
7056,fb-017122,train
7057,fb-001091,validation
7058,fb-017630,train
7059,fb-011529,train
7060,fb-007504,train
7061,fb-007680,test
7062,fb-008137,train
7063,fb-003343,train
7064,fb-018949,validation
7065,fb-002220,validation
7066,fb-009222,test
7067,fb-013470,train
7068,fb-013656,train
7069,fb-012932,train
7070,fb-014055,train
7071,fb-013697,train
7072,fb-013071,train
7073,fb-015007,train
7074,fb-003512,train
7075,fb-001460,train
7076,fb-000346,train
7077,fb-012206,train
7078,fb-011432,train
7079,fb-008685,train
7080,fb-013708,train
7081,fb-019368,validation
7082,fb-011054,train
7083,fb-010782,train
7084,fb-011868,train
7085,fb-009894,train
7086,fb-018178,test
7087,fb-002392,train
7088,fb-002660,test
7089,fb-010723,validation
7090,fb-008490,test
7091,fb-009840,train
7092,fb-003381,validation
7093,fb-010582,validation
7094,fb-011145,train
7095,fb-014057,train
7096,fb-000521,test
7097,fb-009907,train
7098,fb-008649,train
7099,fb-014476,train
7100,fb-012967,train
7101,fb-016759,train
7102,fb-003348,validation
7103,fb-001514,train
7104,fb-012337,test
7105,fb-001911,train
7106,fb-016034,test
7107,fb-009937,train
7108,fb-016989,train
7109,fb-011324,test
7110,fb-011876,train
7111,fb-019442,test
7112,fb-010590,train
7113,fb-010611,train
7114,fb-010422,validation
7115,fb-002523,train
7116,fb-003040,train
7117,fb-011892,validation
7118,fb-016289,validation
7119,fb-010725,train
7120,fb-004202,train
7121,fb-016667,test
7122,fb-006776,train
7123,fb-000686,train
7124,fb-016926,train
7125,fb-017697,validation
7126,fb-011525,train
7127,fb-010073,test
7128,fb-014456,train
7129,fb-017712,test
7130,fb-012163,test
7131,fb-010471,train
7132,fb-007001,train
7133,fb-011034,train
7134,fb-005431,train
7135,fb-001218,test
7136,fb-008143,validation
7137,fb-010895,train
7138,fb-002531,train
7139,fb-010924,train
7140,fb-003900,train
7141,fb-009046,validation
7142,fb-017890,test
7143,fb-000735,train
7144,fb-003287,test
7145,fb-014929,train
7146,fb-011948,validation
7147,fb-013493,train
7148,fb-018783,train
7149,fb-000790,train
7150,fb-012761,train
7151,fb-008305,train
7152,fb-010701,train
7153,fb-017519,train
7154,fb-009515,train
7155,fb-000108,train
7156,fb-010575,train
7157,fb-007743,train
7158,fb-017197,validation
7159,fb-008265,train
7160,fb-014173,train
7161,fb-017213,train
7162,fb-002650,train
7163,fb-009892,test
7164,fb-010571,train
7165,fb-003976,train
7166,fb-017479,validation
7167,fb-010399,train
7168,fb-011326,train
7169,fb-016991,train
7170,fb-013649,train
7171,fb-002506,validation
7172,fb-008729,test
7173,fb-010139,test
7174,fb-010767,train
7175,fb-015312,train
7176,fb-004105,train
7177,fb-008769,train
7178,fb-012979,train
7179,fb-002327,validation
7180,fb-007120,test
7181,fb-000387,train
7182,fb-003376,test
7183,fb-011901,train
7184,fb-011871,train
7185,fb-013103,train
7186,fb-010882,train
7187,fb-012176,test
7188,fb-001839,validation
7189,fb-005631,train
7190,fb-010260,train
7191,fb-008757,train
7192,fb-009629,train
7193,fb-008392,test
7194,fb-013491,validation
7195,fb-010923,train
7196,fb-011190,train
7197,fb-002696,validation
7198,fb-019524,train
7199,fb-017195,validation
7200,fb-003189,train
7201,fb-018563,train
7202,fb-010437,train
7203,fb-018296,train
7204,fb-017844,train
7205,fb-012440,train
7206,fb-012521,train
7207,fb-012566,train
7208,fb-018394,test
7209,fb-009162,train
7210,fb-018071,train
7211,fb-001132,test
7212,fb-011850,validation
7213,fb-007446,train
7214,fb-008139,train
7215,fb-011515,test
7216,fb-012619,train
7217,fb-012018,test
7218,fb-003208,train
7219,fb-017720,train
7220,fb-006310,test
7221,fb-017477,train
7222,fb-003718,train
7223,fb-017521,train
7224,fb-004996,test
7225,fb-013364,train
7226,fb-012210,train
7227,fb-010625,train
7228,fb-017676,train
7229,fb-008094,train
7230,fb-010462,train
7231,fb-009933,train
7232,fb-013460,train
7233,fb-005186,train
7234,fb-000254,test
7235,fb-008167,train
7236,fb-013502,validation
7237,fb-011302,train
7238,fb-007795,train
7239,fb-017516,train
7240,fb-008814,train
7241,fb-008130,validation
7242,fb-010400,train
7243,fb-012581,train
7244,fb-010083,train
7245,fb-003723,validation
7246,fb-001059,test
7247,fb-007455,test
7248,fb-008116,train
7249,fb-004486,validation
7250,fb-011700,test
7251,fb-018124,train
7252,fb-007230,validation
7253,fb-008477,train
7254,fb-011740,train
7255,fb-013224,train
7256,fb-013587,train
7257,fb-017989,train
7258,fb-003814,train
7259,fb-018343,train
7260,fb-011951,train
7261,fb-011844,test
7262,fb-017794,validation
7263,fb-012042,test
7264,fb-010775,train
7265,fb-016509,train
7266,fb-002495,train
7267,fb-005814,train
7268,fb-012296,train
7269,fb-000863,train
7270,fb-013061,train
7271,fb-002386,train
7272,fb-008120,train
7273,fb-014601,test
7274,fb-012643,train
7275,fb-013296,test
7276,fb-011982,validation
7277,fb-008740,train
7278,fb-001067,test
7279,fb-003519,train
7280,fb-018166,train
7281,fb-001045,validation
7282,fb-010938,train
7283,fb-014032,train
7284,fb-010088,train
7285,fb-010809,train
7286,fb-008652,train
7287,fb-010547,train
7288,fb-010891,test
7289,fb-003467,train
7290,fb-018208,validation
7291,fb-010512,test
7292,fb-006253,test
7293,fb-005701,train
7294,fb-001955,train
7295,fb-000612,train
7296,fb-003190,test
7297,fb-011328,test
7298,fb-009732,train
7299,fb-013105,test
7300,fb-015972,train
7301,fb-011152,train
7302,fb-016787,train
7303,fb-017926,train
7304,fb-012360,validation
7305,fb-018163,train
7306,fb-002937,train
7307,fb-006419,test
7308,fb-016406,train
7309,fb-010098,train
7310,fb-004928,train
7311,fb-010665,train
7312,fb-018894,train
7313,fb-012027,train
7314,fb-018021,validation
7315,fb-012488,train
7316,fb-011991,train
7317,fb-012209,train
7318,fb-005476,train
7319,fb-010343,train
7320,fb-009331,train
7321,fb-008607,train
7322,fb-010610,test
7323,fb-011537,train
7324,fb-003406,train
7325,fb-008379,train
7326,fb-005295,train
7327,fb-008799,train
7328,fb-002529,train
7329,fb-004643,train
7330,fb-000533,train
7331,fb-017847,test
7332,fb-004858,train
7333,fb-017738,train
7334,fb-016968,train
7335,fb-009681,train
7336,fb-001896,train
7337,fb-002418,train
7338,fb-008906,train
7339,fb-013480,train
7340,fb-005210,validation
7341,fb-003847,train
7342,fb-017971,train
7343,fb-009237,train
7344,fb-010244,train
7345,fb-017517,train
7346,fb-012602,train
7347,fb-009273,train
7348,fb-002181,train
7349,fb-001620,validation
7350,fb-013774,train
7351,fb-008636,validation
7352,fb-004033,train
7353,fb-012547,train
7354,fb-012814,test
7355,fb-010213,train
7356,fb-003482,train
7357,fb-005626,train
7358,fb-010196,train
7359,fb-008944,train
7360,fb-011702,train
7361,fb-017818,test
7362,fb-004546,train
7363,fb-003268,test
7364,fb-012756,train
7365,fb-006193,validation
7366,fb-010514,train
7367,fb-003057,validation
7368,fb-009442,train
7369,fb-011573,validation
7370,fb-017022,train
7371,fb-017811,train
7372,fb-002639,test
7373,fb-004970,validation
7374,fb-003015,train
7375,fb-009377,train
7376,fb-017742,train
7377,fb-012847,train
7378,fb-006976,test
7379,fb-000888,test
7380,fb-003979,train
7381,fb-011315,train
7382,fb-001223,train
7383,fb-009591,validation
7384,fb-008340,train
7385,fb-009236,train
7386,fb-004171,validation
7387,fb-017917,train
7388,fb-001770,train
7389,fb-000711,test
7390,fb-013361,train
7391,fb-011109,train
7392,fb-012267,train
7393,fb-015836,test
7394,fb-010105,train
7395,fb-003319,validation
7396,fb-003313,validation
7397,fb-014797,train
7398,fb-016651,train
7399,fb-001594,train
7400,fb-010081,train
7401,fb-008742,train
7402,fb-017615,train
7403,fb-002572,train
7404,fb-006025,train
7405,fb-008183,train
7406,fb-003035,train
7407,fb-009630,test
7408,fb-010228,train
7409,fb-010275,test
7410,fb-010264,train
7411,fb-012580,train
7412,fb-003304,validation
7413,fb-001190,train
7414,fb-008359,test
7415,fb-010919,train
7416,fb-001855,train
7417,fb-012327,train
7418,fb-001013,train
7419,fb-002702,validation
7420,fb-002146,test
7421,fb-008264,train
7422,fb-012688,test
7423,fb-013462,train
7424,fb-016599,train
7425,fb-002757,train
7426,fb-016334,train
7427,fb-017932,train
7428,fb-017597,validation
7429,fb-003594,test
7430,fb-011369,train
7431,fb-013562,validation
7432,fb-002289,validation
7433,fb-017092,train
7434,fb-000556,train
7435,fb-012007,train
7436,fb-014620,train
7437,fb-015897,test
7438,fb-008258,validation
7439,fb-009664,train
7440,fb-009468,train
7441,fb-013524,train
7442,fb-010225,validation
7443,fb-008994,test
7444,fb-004638,train
7445,fb-018003,train
7446,fb-007492,train
7447,fb-000746,train
7448,fb-003266,validation
7449,fb-017569,test
7450,fb-017513,test
7451,fb-000336,train
7452,fb-010169,train
7453,fb-009421,train
7454,fb-009669,train
7455,fb-001099,train
7456,fb-008348,train
7457,fb-000949,train
7458,fb-008976,validation
7459,fb-008756,train
7460,fb-010681,train
7461,fb-018274,test
7462,fb-003192,train
7463,fb-004239,train
7464,fb-012404,train
7465,fb-004761,test
7466,fb-002497,train
7467,fb-017164,train
7468,fb-010511,train
7469,fb-008676,train
7470,fb-010145,train
7471,fb-002468,test
7472,fb-008780,train
7473,fb-002469,test
7474,fb-012890,train
7475,fb-001485,train
7476,fb-008093,train
7477,fb-017964,validation
7478,fb-016082,train
7479,fb-013374,test
7480,fb-017934,validation
7481,fb-009115,train
7482,fb-001571,train
7483,fb-008933,test
7484,fb-015301,train
7485,fb-002981,train
7486,fb-017304,train
7487,fb-011799,test
7488,fb-007153,train
7489,fb-007527,train
7490,fb-009607,test
7491,fb-010995,test
7492,fb-003269,validation
7493,fb-019205,train
7494,fb-017337,train
7495,fb-008357,train
7496,fb-008743,train
7497,fb-015526,train
7498,fb-009100,train
7499,fb-001989,train
7500,fb-019790,train
7501,fb-013744,train
7502,fb-001952,train
7503,fb-002277,test
7504,fb-013742,test
7505,fb-000111,train
7506,fb-002350,train
7507,fb-005728,train
7508,fb-012554,test
7509,fb-011858,train
7510,fb-019165,train
7511,fb-010580,train
7512,fb-008597,train
7513,fb-011606,test
7514,fb-002346,train
7515,fb-010561,train
7516,fb-012612,train
7517,fb-016503,train
7518,fb-008405,test
7519,fb-009255,train
7520,fb-014666,test
7521,fb-016286,test
